{
  "qp": [
    37,
    32,
    27,
    22,
    20,
    17,
    15
  ],
  "ms-ssim": [
    0.9101932985442025,
    0.9396588632038662,
    0.9570362312453133,
    0.969320935862405,
    0.9739558185849871,
    0.9820732389177594,
    0.9861641015325274
  ],
  "bpp": [
    0.012602208259847147,
    0.02466413047472075,
    0.05033075213109935,
    0.11537507532333921,
    0.18003892287624929,
    0.3961194077013522,
    0.6388325911228688
  ],
  "rgb_psnr": [
    30.973151230596834,
    32.98600689662118,
    34.86107723010201,
    36.670025746947715,
    37.41293693248478,
    38.723705315374666,
    39.676745438360506
  ],
  "y_psnr": [
    34.42708797773908,
    36.97364686876299,
    39.35354189170022,
    41.547232344957095,
    42.42679484209607,
    43.92252774131913,
    45.12090458422663
  ],
  "u_psnr": [
    39.13526218937739,
    40.25905786901476,
    41.4664286270714,
    42.89534814676831,
    43.54778539942607,
    44.74459587484362,
    45.69688518685717
  ],
  "v_psnr": [
    39.80494932425637,
    40.85636154902596,
    41.96449053095683,
    43.204664194368654,
    43.73674736512322,
    44.72042797952654,
    45.535322268304846
  ]
}
