{
  "qp": [
    37,
    32,
    27,
    22,
    20,
    17
  ],
  "ms-ssim": [
    0.9157055531229291,
    0.9423846772738865,
    0.9591512594904218,
    0.9714005419186184,
    0.9762722679546901,
    0.9830509849957058
  ],
  "bpp": [
    0.010347419716343327,
    0.022726666299235747,
    0.04855602954144621,
    0.1170614794606114,
    0.18436763668430337,
    0.3948343290711346
  ],
  "rgb_psnr": [
    31.436607997542808,
    33.51812327567784,
    35.53173098202026,
    37.46456494309836,
    38.27311463675092,
    39.58675332388471
  ],
  "y_psnr": [
    35.28284753028599,
    37.90299814747676,
    40.21727688631604,
    42.28117873647147,
    43.13284962326052,
    44.53834930721966
  ],
  "u_psnr": [
    38.75423702831542,
    40.19824376084738,
    41.9026857084438,
    43.73723090780396,
    44.532109531119225,
    45.79138614657497
  ],
  "v_psnr": [
    39.43763919195722,
    40.788268862236585,
    42.351952184734365,
    43.95099372757096,
    44.609206968330675,
    45.68304206664836
  ]
}
