{
  "name": "ssf2020-mse-ans-vimeo",
  "description": "Inference (ans), trained on Vimeo90k",
  "results": {
    "q": [
      "ssf2020-mse-1-c1ac1a47-ans",
      "ssf2020-mse-2-79ed4e19-ans",
      "ssf2020-mse-3-9c8b998d-ans",
      "ssf2020-mse-4-577c1eda-ans",
      "ssf2020-mse-5-1dd7d574-ans",
      "ssf2020-mse-6-59dfb6f9-ans",
      "ssf2020-mse-7-4d867411-ans"
    ],
    "psnr-y": [
      33.89679527282715,
      35.271600995744976,
      36.71926007952009,
      38.15092250279018,
      39.487078530447825,
      40.99064472743443,
      42.325689043317524
    ],
    "psnr-u": [
      39.196537017822266,
      40.0105470929827,
      41.05528041294643,
      42.1939582824707,
      43.13067899431501,
      44.55443681989397,
      45.800204685756135
    ],
    "psnr-v": [
      39.77818298339844,
      40.64488329206194,
      41.650538853236604,
      42.54618399483817,
      43.47629383632115,
      44.50385502406529,
      45.50360870361328
    ],
    "psnr-yuv": [
      35.76031766619001,
      36.95697293962751,
      38.26381138392857,
      39.557306562151226,
      40.75921630859375,
      42.17014694213867,
      43.43442971365793
    ],
    "ms-ssim-rgb": [
      0.9263219237327576,
      0.9405102218900409,
      0.9540486335754395,
      0.9645396896771022,
      0.9731896093913487,
      0.981235955442701,
      0.9868059924670628
    ],
    "mse-rgb": [
      39.417297908238005,
      29.587229592459543,
      21.551426342555455,
      15.761750902448382,
      11.777473858424596,
      8.358055932181221,
      6.124431337629046
    ],
    "psnr-rgb": [
      32.464655194963726,
      33.65162113734654,
      34.96870912824358,
      36.30309077671596,
      37.56240572248186,
      39.05680138724191,
      40.40175247192383
    ],
    "bitrate": [
      10416.947199999999,
      16466.6752,
      24604.407771428574,
      35834.82788571429,
      52613.70331428572,
      77622.99611428574,
      119748.7232
    ]
  }
}