{
  "name": "VTM-v15.0-lowdelay",
  "description": "VTM reference software, version 15.0",
  "results": {
    "qp": [
      20,
      22,
      27,
      32,
      37,
      42,
      47
    ],
    "ms-ssim-rgb": [
      0.9790219409125192,
      0.9758027706827436,
      0.9670762845448085,
      0.9535022974014282,
      0.9340459278651646,
      0.9066253815378461,
      0.8638960463660104
    ],
    "bitrate": [
      26777.824685714288,
      17790.914057142854,
      6960.893714285715,
      3032.3604571428573,
      1379.0738285714287,
      625.7481142857142,
      285.6864
    ],
    "psnr-rgb": [
      39.57384091423854,
      38.93261252790453,
      37.01041424934117,
      35.05793025472098,
      33.19583619300572,
      31.321027779363924,
      29.157941841863924
    ],
    "psnr-y": [
      43.36926940317428,
      42.62068530299597,
      40.28215356192182,
      37.95133419355939,
      35.67177609694619,
      33.30569930395673,
      30.859763952448727
    ],
    "psnr-u": [
      44.75904919760331,
      44.16474230608533,
      42.58919527509146,
      41.05885508890426,
      39.74781673954829,
      38.56229925815312,
      36.868516281457644
    ],
    "psnr-v": [
      44.74827603591103,
      44.27172832212041,
      42.89522485030312,
      41.56354004804341,
      40.3310126813371,
      39.268403809195945,
      37.6991927519417
    ],
    "psnr-yuv": [
      43.83073380770191,
      43.15320197336494,
      41.10217239551365,
      39.07128865186421,
      37.12765563477836,
      35.175583380529325,
      33.00112747386571
    ]
  }
}