{
  "name": "x264-medium-tune-zerolatency",
  "description": "x264 medium, zerolatency configuration, ffmpeg version 3.4.8-0ubuntu0.2",
  "results": {
    "qp": [
      17,
      20,
      22,
      27,
      32,
      37,
      42,
      47
    ],
    "ms-ssim-rgb": [
      0.987276588167463,
      0.9808926241738456,
      0.9760126641818455,
      0.9637391822678703,
      0.9483099409512111,
      0.9225820302963257,
      0.8811175738062177,
      0.8237434199878148
    ],
    "bitrate": [
      124751.51222857145,
      59788.50742857143,
      36306.74834285714,
      13645.808228571428,
      6685.885942857143,
      3591.855771428571,
      2069.7104,
      1289.485257142857
    ],
    "psnr-rgb": [
      40.15240685237069,
      38.69360011624202,
      37.84969601269042,
      35.99256480399815,
      34.137653272277305,
      32.123874415454885,
      30.011552732116172,
      27.97759378616062
    ],
    "psnr-y": [
      43.68366751308715,
      42.154767417692476,
      41.22024466969901,
      38.976128942410625,
      36.64801060110094,
      34.13120285761971,
      31.494552056914756,
      29.062741814125623
    ],
    "psnr-u": [
      45.39138310742993,
      43.98405201754163,
      43.210881767738904,
      41.76170803627561,
      40.57366514865605,
      39.463154577993684,
      38.49901215327401,
      37.49333108131138
    ],
    "psnr-v": [
      45.280607566447955,
      44.0681522767435,
      43.437111622731365,
      42.225275795585105,
      41.17355064643044,
      40.16656380699977,
      39.235159829469424,
      38.226306172564385
    ],
    "psnr-yuv": [
      44.23444345437109,
      42.7785456608425,
      41.92149534487771,
      39.981916600250536,
      38.056543033248374,
      36.02575496924538,
      33.95206336840041,
      31.995100751729705
    ]
  }
}