{
  "name": "x265-medium-tune-zerolatency",
  "description": "x265 medium, zerolatency configuration, ffmpeg version 3.4.8-0ubuntu0.2",
  "results": {
    "qp": [
      17,
      20,
      22,
      27,
      32,
      37,
      42,
      47
    ],
    "ms-ssim-rgb": [
      0.9862913915089199,
      0.9798415899276733,
      0.9754813058035714,
      0.9638638070651463,
      0.948577310357775,
      0.9247238891465324,
      0.887685205255236,
      0.8402573892048427
    ],
    "bitrate": [
      111391.40022857141,
      51143.65531428571,
      31624.63245714286,
      11316.149257142857,
      5242.852114285714,
      2402.074742857142,
      1076.3268571428573,
      590.7865142857142
    ],
    "psnr-rgb": [
      40.62792470433646,
      38.879106885831035,
      38.082635051648296,
      36.217707555419395,
      34.301478511731304,
      32.298893577496685,
      30.176382565283113,
      28.149229788564973
    ],
    "psnr-y": [
      44.4228189866434,
      42.51729640598571,
      41.660759779169915,
      39.611022461948416,
      37.40996206466404,
      34.918215264377615,
      32.17825496856419,
      29.77323718390058
    ],
    "psnr-u": [
      45.67259612913406,
      44.036383341676185,
      43.28189350685666,
      41.57581341074809,
      39.98902745565961,
      38.567422447670545,
      37.36287814186915,
      36.03836143676487
    ],
    "psnr-v": [
      45.569183182714006,
      44.12878629373416,
      43.48533935865949,
      42.00442019338882,
      40.52130672569549,
      39.180729804504956,
      38.014137819619876,
      36.75252164069859
    ],
    "psnr-yuv": [
      44.822175876403605,
      43.039059209892194,
      42.23504533036596,
      40.33738724198843,
      38.35836374000188,
      36.23683555161433,
      34.015005972624294,
      31.98063863551096
    ]
  }
}