{
  "name": "mbt2018",
  "description": "Inference (ans)",
  "results": {
    "psnr": [
      30.08953630411511,
      31.441017229402327,
      32.595365505191275,
      33.643293535628885,
      34.500863631822945,
      35.697822995386154,
      36.82120311836121,
      38.098471285298515
    ],
    "ms-ssim": [
      0.958289205789566,
      0.9704131810665131,
      0.9786962666511536,
      0.9842016680240631,
      0.9885676267147064,
      0.9918783731460571,
      0.9940588228702545,
      0.9957507531642914
    ],
    "bpp": [
      0.06369865562314869,
      0.09881507256209432,
      0.14738809319187232,
      0.20962622986499896,
      0.3114313450660414,
      0.4294345762867106,
      0.6077358957874488,
      0.8449505528763278
    ],
    "encoding_time": [
      19.222771721839905,
      19.302452584266664,
      18.321200569152833,
      19.385624215126036,
      19.873985396385194,
      21.66058784198761,
      19.546741672515868,
      20.15579680633545
    ],
    "decoding_time": [
      47.05343089389801,
      46.8007513256073,
      45.24588549900055,
      47.35604166126251,
      48.5807969827652,
      54.470622146606445,
      46.00683828735352,
      48.75038229751587
    ]
  }
}