{
  "name": "cheng2020-anchor",
  "description": "Inference (ans)",
  "results": {
    "psnr": [
      31.844125614336292,
      33.14111029250219,
      34.32496998601145,
      35.927333738749326,
      37.24723950571194,
      38.49497018965907
    ],
    "ms-ssim": [
      0.9500520164966584,
      0.9624464166164398,
      0.9713523681163788,
      0.9789312236309051,
      0.9848307495117188,
      0.98900714635849
    ],
    "bpp": [
      0.07431922961492958,
      0.10779395303803932,
      0.15061537321146373,
      0.2282384261716243,
      0.3245033628461504,
      0.45282453631580555
    ],
    "encoding_time": [
      76.81917425346374,
      78.38311906147003,
      77.45348531723022,
      108.77986786746979,
      106.37223668575287,
      108.01395073413849
    ],
    "decoding_time": [
      127.145244764328,
      128.6874162130356,
      128.3369561185837,
      165.22728782844544,
      165.5543259239197,
      164.37148564720152
    ]
  }
}