{
  "name": "cheng2020-anchor",
  "description": "Inference (ans)",
  "results": {
    "psnr": [
      30.115468575964154,
      31.310089472419136,
      32.719069372591534,
      33.797734906189625,
      34.81078848375526,
      35.86062654982749
    ],
    "ms-ssim": [
      0.9608907601833343,
      0.9714500329494477,
      0.9798701136112213,
      0.9850246093273163,
      0.9892313890457153,
      0.9922460126876831
    ],
    "bpp": [
      0.06463295474803975,
      0.0951385634460673,
      0.1435680703575596,
      0.20665262012609972,
      0.30653385052256,
      0.41160454814309017
    ],
    "encoding_time": [
      19.5307623462677,
      19.530738796234132,
      19.708475044250488,
      19.809517119407655,
      20.264168701171876,
      20.462080245018004
    ],
    "decoding_time": [
      42.291125671386716,
      42.1945699300766,
      42.80821565723419,
      42.272916316986084,
      43.25086663913727,
      43.93937536334992
    ]
  }
}