{
  "name": "mbt2018-mean",
  "description": "Inference (ans)",
  "results": {
    "psnr": [
      29.92530820319984,
      31.25066253066475,
      32.420173554680574,
      33.3404021394402,
      34.38864515309151,
      35.61472233069297,
      36.866798488365745,
      38.270262033807875
    ],
    "ms-ssim": [
      0.9572885465621949,
      0.9699230880737305,
      0.9785008792877197,
      0.9841850192546845,
      0.9882585077285767,
      0.9917345521450043,
      0.9941613767147064,
      0.9959018251895905
    ],
    "bpp": [
      0.0713521988747331,
      0.10730951871700153,
      0.15897267283052038,
      0.23015047236771044,
      0.3220809974489397,
      0.4530111194042671,
      0.6223619608443832,
      0.8608965155674895
    ],
    "encoding_time": [
      5.278424322128296,
      5.593557298660278,
      5.419617993354797,
      5.288329142570496,
      11.109554169654846,
      11.17778923034668,
      11.011397731781006,
      11.102327938079833
    ],
    "decoding_time": [
      6.6804255685806275,
      7.054538195610046,
      6.839932277679443,
      6.679304417610169,
      12.755096069335938,
      12.819798644065857,
      12.677287819862366,
      12.831065936088562
    ]
  }
}