{
  "name": "cheng2020-attn",
  "description": "Inference (ans)",
  "results": {
    "psnr": [
      29.924011126946528,
      31.2100365813348,
      32.495157635199,
      33.853579540400226,
      34.7722597453082,
      35.89712849011551
    ],
    "ms-ssim": [
      0.9579562351703644,
      0.9695617718696594,
      0.9783014628887177,
      0.9853459594249725,
      0.9891296970844269,
      0.9918720946311951
    ],
    "bpp": [
      0.06088097063208588,
      0.09211727328660398,
      0.13635719266806398,
      0.20936320643333892,
      0.2921761713360613,
      0.4129265768989896
    ],
    "encoding_time": [
      36.93135933685303,
      36.27178126716614,
      36.2345823431015,
      71.97606046390534,
      73.22822881793977,
      71.10108557605743
    ],
    "decoding_time": [
      72.83156623744965,
      70.60613708877564,
      70.22581655502319,
      114.59798412513733,
      116.53324477672577,
      114.77915329551696
    ]
  }
}