{
  "name": "mbt2018-mean",
  "description": "Inference (ans)",
  "results": {
    "psnr": [
      29.92531248655425,
      31.250653801193664,
      32.4201879852215,
      33.34039287304005,
      34.38864064723922,
      35.61471908547137,
      36.866801387192446,
      38.270260730245084
    ],
    "ms-ssim": [
      0.9572884616851807,
      0.9699230508804322,
      0.9785008096694946,
      0.9841849911212921,
      0.9882584645748138,
      0.9917345290184021,
      0.9941613411903382,
      0.9959017944335937
    ],
    "bpp": [
      0.07135206283493681,
      0.10730961202309416,
      0.15897272888995106,
      0.23015069361028162,
      0.3220808338536349,
      0.45301126261117936,
      0.6223620224395132,
      0.8608969025796734
    ],
    "encoding_time": [
      0.21368214893341064,
      0.22002679538726808,
      0.22076532745361327,
      0.2118895435333252,
      0.33620318031311036,
      0.35495054912567137,
      0.37305431079864504,
      0.3489108171463013
    ],
    "decoding_time": [
      0.12013399696350098,
      0.11939442157745361,
      0.118481351852417,
      0.12177444458007812,
      0.1909220142364502,
      0.20997023582458496,
      0.22126080131530762,
      0.20835210704803467
    ]
  }
}