{
  "name": "bmshj2018-factorized",
  "description": "Inference (ans)",
  "results": {
    "psnr": [
      30.34011743360776,
      31.74832609848035,
      33.09991877565174,
      34.5696784959475,
      35.96307467385488,
      37.72277099571539,
      39.325029255196085,
      41.17392200146078
    ],
    "ms-ssim": [
      0.9435051274299622,
      0.9577199981212616,
      0.9686524443626404,
      0.9771611371040344,
      0.9836126470565796,
      0.9885178861618042,
      0.992225825548172,
      0.9948825106620789
    ],
    "bpp": [
      0.10134687480020134,
      0.14778938757392343,
      0.21534583740411362,
      0.3149648270739282,
      0.4539978005733862,
      0.6732614492710013,
      0.9712546578984018,
      1.376133735145101
    ],
    "encoding_time": [
      0.8035782384872436,
      0.804867654800415,
      0.8058208045959473,
      0.8074917144775391,
      0.8087167615890503,
      1.4132754163742065,
      1.4158279695510865,
      1.4318486909866333
    ],
    "decoding_time": [
      1.9477969484329223,
      1.9500763111114503,
      1.9516692466735839,
      1.9509481582641601,
      1.9602601251602172,
      3.0500303964614868,
      3.0555052547454835,
      3.0859513416290283
    ]
  }
}
