{
  "name": "mbt2018",
  "description": "Inference (ans)",
  "results": {
    "psnr": [
      31.475446366392347,
      32.88768163997545,
      34.36489745956042,
      35.69529591671181,
      37.28233100353643,
      38.785703489269814,
      40.38616251285227,
      41.82316715173498
    ],
    "ms-ssim": [
      0.9483102779388428,
      0.9608164350986481,
      0.9718065061569214,
      0.9790769393444061,
      0.9848959338665009,
      0.9893257763385773,
      0.9926487860679627,
      0.9950555970668793
    ],
    "bpp": [
      0.06790017733910955,
      0.10734666809438446,
      0.1594934208200506,
      0.237951376132997,
      0.36105800998710447,
      0.5130413015741344,
      0.7360753068966945,
      1.0325891608272872
    ],
    "encoding_time": [
      59.21722636795044,
      59.60515023517608,
      59.41542202281952,
      58.326744603157046,
      79.7266526670456,
      80.46406910514831,
      87.37202348995208,
      89.13469018363952
    ],
    "decoding_time": [
      60.220283568382264,
      60.54148300266266,
      60.46702853965759,
      59.313959091186526,
      79.93363482189179,
      80.58186643791198,
      87.47118473434448,
      89.29517483711243
    ]
  }
}
