{
  "name": "bmshj2018-factorized (MS-SSIM)",
  "description": "Inference (ans)",
  "results": {
    "psnr": [
      29.37090116682347,
      30.694029017802578,
      31.849444709062784,
      33.019097244766805,
      34.05692652979185,
      35.074281176517125,
      36.141839706085136,
      37.39831309771477
    ],
    "ms-ssim": [
      0.9551020045280456,
      0.9668627548217773,
      0.9750977063179016,
      0.98223428440094,
      0.9871571931838989,
      0.9907129204273224,
      0.9931805553436279,
      0.9950985205173493
    ],
    "bpp": [
      0.09724730795485018,
      0.13906767091109334,
      0.19775222553865435,
      0.2782816428266467,
      0.3902529297540906,
      0.5321107543527831,
      0.7168024804451834,
      0.9679309027269503
    ],
    "encoding_time": [
      9.80562070465088,
      9.969614563941956,
      6.335658531188965,
      6.337716915130615,
      6.338823348999023,
      11.338430926322937,
      10.753252438545227,
      10.73203015613556
    ],
    "decoding_time": [
      13.996625992774963,
      13.73773840713501,
      8.428985823631287,
      8.424760592460633,
      8.448061221122742,
      14.179021566390992,
      12.11271420288086,
      12.08930661201477
    ]
  }
}