{
  "name": "bmshj2018-hyperprior (MS-SSIM)",
  "description": "Inference (ans)",
  "results": {
    "psnr": [
      28.79173173673812,
      30.424925021518394,
      31.814515540051673,
      33.10985966606256,
      34.21404023325046,
      35.388091675177364,
      36.634540855531405,
      38.08041099598603
    ],
    "ms-ssim": [
      0.9568193128108978,
      0.9686749930381775,
      0.9777489175796509,
      0.9840796387195587,
      0.9883827993869782,
      0.9914073152542114,
      0.9938448321819305,
      0.9957354671955109
    ],
    "bpp": [
      0.08092933036992196,
      0.11719293436247,
      0.16922861536065623,
      0.24014124935644257,
      0.3347968211189025,
      0.4611505706845812,
      0.6275015895703165,
      0.8688162610919696
    ],
    "encoding_time": [
      6.745936071395874,
      6.77169733428955,
      6.7804234542846675,
      6.786162565231323,
      7.869256433486939,
      13.95453547000885,
      13.857420125007629,
      13.939764437675477
    ],
    "decoding_time": [
      7.859540441513062,
      7.857197001457214,
      7.89203911113739,
      7.915860544204712,
      10.440198815345765,
      17.19362508201599,
      17.014844366073607,
      17.200888144493103
    ]
  }
}