{
  "name": "cheng2020-anchor",
  "description": "Inference (ans)",
  "results": {
    "psnr": [
      31.843827399181436,
      33.14032662996679,
      34.32458490132898,
      35.92713450924765,
      37.246928479279376,
      38.49494239127623
    ],
    "ms-ssim": [
      0.9500500860214234,
      0.9624458041191101,
      0.9713518114089966,
      0.9789334256649017,
      0.9848298490047455,
      0.9890071408748626
    ],
    "bpp": [
      0.0743186563306567,
      0.10779012586228245,
      0.15061497181472405,
      0.22823250857131736,
      0.3244907991718232,
      0.45283589496472393
    ],
    "encoding_time": [
      33.56612348651886,
      33.383335356712344,
      33.02797842502594,
      65.35019309806823,
      63.65691239833832,
      66.10806051254272
    ],
    "decoding_time": [
      66.51825876045227,
      67.9676844739914,
      67.71553570842742,
      108.68706864833831,
      106.6962045841217,
      109.22196040916442
    ]
  }
}