{
  "name": "bmshj2018-hyperprior",
  "description": "Inference (ans)",
  "results": {
    "psnr": [
      30.679916553742625,
      32.245118076014194,
      33.81038856199879,
      35.41322576159897,
      36.78892349227221,
      38.51263846020962,
      39.87708008932597,
      41.86502780983303
    ],
    "ms-ssim": [
      0.9457966415882111,
      0.9593352782726288,
      0.9694880673885345,
      0.9785676605701447,
      0.9849301326274872,
      0.9892770283222199,
      0.9920597321987152,
      0.9952311718463898
    ],
    "bpp": [
      0.09026553068292785,
      0.1327181071703361,
      0.19194443376450698,
      0.27753713383604917,
      0.38992651881564827,
      0.5672997329025702,
      0.8073582171506168,
      1.1203672176200261
    ],
    "encoding_time": [
      5.040963344573974,
      5.129545254707336,
      5.173923272132874,
      5.201372498512268,
      5.186466663360596,
      10.169246288299561,
      9.9902719745636,
      10.142168719291687
    ],
    "decoding_time": [
      6.463549154281616,
      6.594456752777099,
      6.6636737518310545,
      6.64303101348877,
      6.654654666900635,
      11.798530023574829,
      11.660910503387452,
      11.824888606071472
    ]
  }
}