{
  "name": "HM",
  "description": "HM",
  "results": {
    "psnr": [
      28.565531449251537,
      30.94615072020993,
      33.423680065796,
      35.94369698723567,
      38.55619563489557,
      41.33489193366605,
      44.3514328828545,
      47.50754052624546
    ],
    "ms-ssim": [
      0.9008037474155426,
      0.9386859741210938,
      0.9631297907829285,
      0.9780437324047089,
      0.9874668362140655,
      0.9932563118934631,
      0.9965913994312287,
      0.9984017112255097
    ],
    "bpp": [
      0.0319517409788559,
      0.07299078693204922,
      0.15380594154566135,
      0.2969474141156679,
      0.5552511147248343,
      1.010482408584539,
      1.7533707298146624,
      2.8352031985737476
    ],
    "encoding_time": [
      35.34404016017914,
      36.7876715965271,
      38.997712717056274,
      41.97602100467682,
      46.430137534141544,
      52.36666816806793,
      59.721745708465576,
      71.24125467967987
    ],
    "decoding_time": [
      0.3919059753417969,
      0.45282184982299806,
      0.5237360277175903,
      0.5987681083679199,
      0.6659879360198975,
      0.7631268863677978,
      0.8723315830230713,
      1.0598873262405395
    ]
  }
}