{
  "name": "WebP",
  "description": "WebP. Pillow version 7.1.2",
  "results": {
    "psnr": [
      31.0373327477597,
      31.772022105898685,
      32.34019841295627,
      32.8305436763863,
      33.26800485141821,
      33.69983058954749,
      34.10798298649625,
      34.51041386701507,
      34.88421043801581,
      35.17776788688631,
      35.47268036544261,
      35.76032833843733,
      36.03404374971486,
      36.33270892350165,
      36.65374314649561,
      37.67617236035295,
      38.785233815760684,
      40.33135956835174,
      42.27895094098139
    ],
    "ms-ssim": [
      0.9436158535480499,
      0.9519009325504303,
      0.9577579619884491,
      0.962305819272995,
      0.9658203074932098,
      0.9688366386890411,
      0.9712516305446625,
      0.9733201739788055,
      0.9752116677761078,
      0.9767636065483093,
      0.9782502455711365,
      0.9795882649421692,
      0.9807659730911255,
      0.9820058512687683,
      0.9831466913223267,
      0.9864609854221345,
      0.9893566854000092,
      0.99250981259346,
      0.9951497006416321
    ],
    "bpp": [
      0.14455792659889247,
      0.17709673685164404,
      0.20653509258271582,
      0.23584240400397777,
      0.2650400365739426,
      0.29483006501937276,
      0.3257281870746538,
      0.35738228725525795,
      0.39005188248601136,
      0.41981067241425435,
      0.4508990281493836,
      0.48339747415582834,
      0.516338305092937,
      0.5569966817898702,
      0.5999925063910652,
      0.7556071457110607,
      0.9684545562668121,
      1.3474347644009006,
      2.0640272381731517
    ],
    "encoding_time": [
      0.46323418617248535,
      0.48882317543029785,
      0.49438908958435057,
      0.5027083177566528,
      0.5182683305740357,
      0.5328156747817994,
      0.53837291431427,
      0.5512988719940185,
      0.5464018001556397,
      0.5649312944412231,
      0.5766053905487061,
      0.5747128200531005,
      0.5876918888092041,
      0.5934208593368531,
      0.6119225635528565,
      0.6370174331665039,
      0.6703569822311402,
      0.7208159999847412,
      0.8229564809799195
    ],
    "decoding_time": [
      0.06567132377624511,
      0.07208443069458008,
      0.07075521087646484,
      0.07100195217132568,
      0.07840721797943115,
      0.0865849142074585,
      0.08405105113983154,
      0.09146521854400634,
      0.08610533142089843,
      0.08740846347808838,
      0.09221629238128662,
      0.0925644474029541,
      0.09694619464874267,
      0.09199425888061523,
      0.0923261489868164,
      0.10377742862701415,
      0.11543118381500245,
      0.12579490947723387,
      0.1485833978652954
    ]
  }
}
