{
  "name": "BPG 8b 444 x265 ycbcr",
  "description": "BPG. BPG version b'0.9.8'",
  "results": {
    "psnr": [
      29.37640736886428,
      31.811018357633,
      34.379726718624376,
      36.98099518734661,
      39.7636387276628,
      42.83476699000967,
      46.256944396349404,
      49.58745237650082,
      53.28762564652618,
      56.01210509697431
    ],
    "ms-ssim": [
      0.9150212876796723,
      0.9478094213008881,
      0.9690727515220642,
      0.9819547076225281,
      0.9902061364650726,
      0.9951038887500763,
      0.997774785041809,
      0.9990565629005432,
      0.999670700788498,
      0.9998549671173096
    ],
    "bpp": [
      0.04406167053227703,
      0.09972637745804101,
      0.20738907593370406,
      0.4015927155190137,
      0.7536925393109983,
      1.3543555845018738,
      2.2736894938936816,
      3.546711768307213,
      5.363501299105199,
      7.220864105697184
    ],
    "encoding_time": [
      11.896193460464477,
      13.381728968620301,
      15.548328848838807,
      18.671698398590088,
      23.120408018112183,
      28.40780778217316,
      34.7076559047699,
      40.199478400230404,
      42.879307291030884,
      37.24285820102692
    ],
    "decoding_time": [
      1.3690671396255494,
      1.5666652040481568,
      1.7902325477600098,
      1.925509080886841,
      2.1469563121795656,
      2.310136142730713,
      2.5301388788223265,
      2.8000461978912354,
      3.0665461683273314,
      3.1753892488479614
    ]
  }
}
