{
  "name": "bmshj2018-hyperprior",
  "description": "Inference (ans)",
  "results": {
    "psnr": [
      30.679924417391163,
      32.2451284093289,
      33.8103961299784,
      35.413232911717316,
      36.788929222169244,
      38.51264536381486,
      39.87708453847197,
      41.865032117339275
    ],
    "ms-ssim": [
      0.9457946562767029,
      0.9593337869644165,
      0.969487120628357,
      0.9785673272609711,
      0.9849298808574677,
      0.9892774269580841,
      0.9920597004890442,
      0.9952325460910797
    ],
    "bpp": [
      0.0902655306829278,
      0.13271801227381397,
      0.19194443376450684,
      0.27753713376905953,
      0.38992646965096345,
      0.5672997244031239,
      0.8073580744564383,
      1.1203670251818285
    ],
    "encoding_time": [
      0.8698813848495484,
      0.8662467012405396,
      0.869187035560608,
      0.8711585617065429,
      0.8756082401275634,
      1.4750663213729858,
      1.4728060455322265,
      1.4972519636154176
    ],
    "decoding_time": [
      1.9979268436431885,
      1.9905559129714965,
      1.9928503303527831,
      2.0002513608932495,
      2.003615406036377,
      3.0561824865341185,
      3.0575573797225952,
      3.105682194709778
    ]
  }
}
