{
  "name": "cheng2020-anchor",
  "description": "Inference (ans)",
  "results": {
    "psnr": [
      30.115468575964154,
      31.310089472419136,
      32.719069372591534,
      33.797734906189625,
      34.81078848375526,
      35.86062654982749
    ],
    "ms-ssim": [
      0.9608907601833343,
      0.9714500329494477,
      0.9798701136112213,
      0.9850246093273163,
      0.9892313890457153,
      0.9922460126876831
    ],
    "bpp": [
      0.06463295474803975,
      0.0951385634460673,
      0.1435680703575596,
      0.20665262012609972,
      0.30653385052256,
      0.41160454814309017
    ],
    "encoding_time": [
      25.329307466506958,
      21.915769386291505,
      21.03549786567688,
      25.349930267333985,
      21.294991926193237,
      21.379992963790894
    ],
    "decoding_time": [
      65.600382021904,
      54.34960336589813,
      53.45424098014831,
      65.84879780006409,
      53.126387581825256,
      53.272733311653134
    ]
  }
}