{
  "name": "mbt2018-mean",
  "description": "Inference (ans)",
  "results": {
    "psnr": [
      31.134179168204145,
      32.60459293990121,
      34.09252993683588,
      35.54028550653877,
      37.09948814430556,
      38.650421286737554,
      40.31175705351956,
      41.85248291050837
    ],
    "ms-ssim": [
      0.9465247473716736,
      0.9604450800418853,
      0.9705653171539307,
      0.978821986913681,
      0.9847544863224029,
      0.9893027818202973,
      0.9928463428020478,
      0.9950839397907257
    ],
    "bpp": [
      0.07868890336065407,
      0.11787699343284481,
      0.17586499106820522,
      0.2582127425245173,
      0.38376770704136054,
      0.5403883014893349,
      0.7696997254421976,
      1.0600863947431893
    ],
    "encoding_time": [
      4.664106987953186,
      4.503091917037964,
      4.496293953895568,
      4.434348541259766,
      8.307923821449279,
      8.370989542007447,
      8.454228256225585,
      8.459947627067566
    ],
    "decoding_time": [
      5.421604391098023,
      5.362251323699951,
      5.409568736076355,
      5.307660235404969,
      9.19024676322937,
      9.210487653732299,
      9.265203990936278,
      9.271985830307006
    ]
  }
}
