{
  "name": "cheng2020-attn",
  "description": "Inference (ans)",
  "results": {
    "psnr": [
      29.924276043187785,
      31.20963985359798,
      32.49483580821654,
      33.8532248828621,
      34.77230477573768,
      35.89714051457505
    ],
    "ms-ssim": [
      0.9579550745487213,
      0.9695629532337189,
      0.9783008012771607,
      0.9853476421833038,
      0.9891304953098297,
      0.9918721761703492
    ],
    "bpp": [
      0.06088170989241543,
      0.09212171387000959,
      0.1363608527798497,
      0.20936264523743153,
      0.29217409097980135,
      0.4129331959967591
    ],
    "encoding_time": [
      21.11418259906769,
      20.314447788238525,
      19.070254219055176,
      19.63772292804718,
      21.970662320137023,
      21.09534581565857
    ],
    "decoding_time": [
      54.80180093288422,
      51.12040591335297,
      46.284919785499575,
      47.21496591949463,
      54.313514377594,
      53.760637231826784
    ]
  }
}