{
  "name": "mbt2018-mean-8bit",
  "description": "Inference (ans)",
  "results": {
    "psnr-rgb": [
      29.7058037211386,
      31.331077104204155,
      32.96968918703915,
      34.58829472573955,
      36.34904817516884,
      38.03299417388573,
      39.82743355397428,
      41.64238329683797
    ],
    "ms-ssim-rgb": [
      0.936694798844584,
      0.9552573176582208,
      0.9683086088534152,
      0.9780586050467545,
      0.984590711553445,
      0.9893434844659955,
      0.9929402306508482,
      0.9952730857924129
    ],
    "bpp": [
      0.10275695685548829,
      0.15767746700726593,
      0.23524146918385896,
      0.33978597393928334,
      0.4880394707572814,
      0.6599119162112771,
      0.9055214452673485,
      1.2250692244516617
    ],
    "encoding_time": [
      0.25976625453220326,
      0.2588966107100583,
      0.25997620754027634,
      0.2526728504159477,
      0.439596304732762,
      0.4386096482866266,
      0.4291221398985788,
      0.43392834368716465
    ],
    "decoding_time": [
      0.16026567207293563,
      0.16020903024780617,
      0.16828372237387668,
      0.1650802781072895,
      0.2729765042830049,
      0.2819896521193258,
      0.28074277384897295,
      0.2916456018940786
    ]
  }
}