{
  "name": "bmshj2018-hyperprior-mse-8bit",
  "description": "Inference (ans)",
  "results": {
    "psnr": [
      29.383747818764675,
      31.024903597456685,
      32.76871705858895,
      34.463975531331606,
      35.943905101733264,
      37.83794891700316,
      39.560979800277885,
      41.59919599468788
    ],
    "ms-ssim": [
      0.9360608039947038,
      0.9541257566280579,
      0.9673114723703834,
      0.977725832649831,
      0.984666904371776,
      0.9892027046573296,
      0.9925432888309608,
      0.9954512085807458
    ],
    "bpp": [
      0.1128588923862924,
      0.17040150272857507,
      0.24875330653497094,
      0.35645292786407534,
      0.48773663325532735,
      0.6810620588226269,
      0.9371421933337146,
      1.2791012951228626
    ],
    "encoding_time": [
      0.2835330038927914,
      0.2810122082742412,
      0.2794750594021229,
      0.2824000722906563,
      0.2838747086149923,
      0.4790474471081509,
      0.478388079096762,
      0.48437166749761346
    ],
    "decoding_time": [
      0.17152988642789005,
      0.17188850547490495,
      0.17662808734379457,
      0.18118278096231183,
      0.19228424115127393,
      0.29783776235044673,
      0.3088185787200928,
      0.3201568407958813
    ]
  }
}