{
  "name": "mbt2018-mse-8bit",
  "description": "Inference (ans)",
  "results": {
    "psnr": [
      30.05114185676146,
      31.610772015003676,
      33.23873836002993,
      34.74476367436098,
      36.496540669644816,
      38.13865012265323,
      39.90605517183797,
      41.674131864912056
    ],
    "ms-ssim": [
      0.9386430067962475,
      0.9553689534744519,
      0.9695063611764586,
      0.9782073008880187,
      0.9847190065330333,
      0.9892838610691971,
      0.992712337984128,
      0.995265784893143
    ],
    "bpp": [
      0.09060385732961962,
      0.14612167186673655,
      0.2168257045835883,
      0.3169678752062178,
      0.4575983423986555,
      0.6325319099347951,
      0.8718156547726938,
      1.1996022820250654
    ],
    "encoding_time": [
      24.86227584688851,
      24.868273402867693,
      24.097223414463944,
      25.012781129794174,
      24.32089644469572,
      24.332218278659862,
      24.50190854876229,
      25.3902352445581
    ],
    "decoding_time": [
      81.4133291780279,
      81.23878866768955,
      78.4658172452048,
      81.41976320743561,
      78.71289579654008,
      78.62426021795595,
      79.3140885896897,
      82.29731314503745
    ]
  }
}