{
  "name": "bmshj2018-factorized-mse-8bit",
  "description": "Inference (ans)",
  "results": {
    "psnr": [
      28.757572645551704,
      30.20928124631389,
      31.655090342746693,
      33.291450243317676,
      34.85975865567668,
      36.90955626026968,
      38.767849043513955,
      40.89969840746247
    ],
    "ms-ssim": [
      0.9301808201864864,
      0.9503051457780131,
      0.9648295486910959,
      0.9757413917712952,
      0.9833261072635651,
      0.9886736441194341,
      0.9924942837672287,
      0.9953091020664472
    ],
    "bpp": [
      0.11460563452931152,
      0.17061773947087167,
      0.2531158772035983,
      0.37383241154677577,
      0.5361005464517463,
      0.7822436377715004,
      1.0970717527786853,
      1.513915269246969
    ],
    "encoding_time": [
      0.22590900137183373,
      0.2246019130342462,
      0.22509450992841398,
      0.21752691536806942,
      0.22846683491481823,
      0.4261372504609354,
      0.4307372784346677,
      0.43242323666476135
    ],
    "decoding_time": [
      0.14065836520677202,
      0.1411250883273864,
      0.1449042223812489,
      0.14141419094600036,
      0.1541085752208581,
      0.27597723784071676,
      0.28299646431140685,
      0.3059892949093594
    ]
  }
}