{
  "name": "bmshj2018-hyperprior-mse-8bit",
  "description": "Inference (ans)",
  "results": {
    "psnr-rgb": [
      29.383747818764675,
      31.024903597456685,
      32.76871705858895,
      34.463975531331606,
      35.943905101733264,
      37.83794891700316,
      39.560979800277885,
      41.59919599468788
    ],
    "ms-ssim-rgb": [
      0.9360608039947038,
      0.9541257566280579,
      0.9673114723703834,
      0.977725832649831,
      0.984666904371776,
      0.9892027046573296,
      0.9925432888309608,
      0.9954512085807458
    ],
    "bpp": [
      0.1128588923862924,
      0.17040150272857507,
      0.24875330653497094,
      0.35645292786407534,
      0.48773663325532735,
      0.6810620588226269,
      0.9371421933337146,
      1.2791012951228626
    ],
    "encoding_time": [
      0.28663919347055844,
      0.28028766492779333,
      0.2817894046226244,
      0.27470116936758665,
      0.2849846997957551,
      0.4853471155916707,
      0.4929549600301164,
      0.4967045301801703
    ],
    "decoding_time": [
      0.17864053436879362,
      0.18051484327637748,
      0.18548573670762308,
      0.18026062879669533,
      0.19406974449586334,
      0.30658082479841253,
      0.31593149431635825,
      0.3300958751292711
    ]
  }
}