{
  "name": "cheng2020-attn-mse-8bit",
  "description": "Inference (ans)",
  "results": {
    "psnr": [
      30.34167267231459,
      31.71185748496752,
      33.15965699613764,
      34.919926043306845,
      36.21910880656725,
      37.71631175480532
    ],
    "ms-ssim": [
      0.9407242318887389,
      0.9565258119883162,
      0.969494061523609,
      0.9785602779200907,
      0.9842678512750047,
      0.9888615236523446
    ],
    "bpp": [
      0.0966444569148125,
      0.13903395029458313,
      0.20232233603218436,
      0.31124437112371883,
      0.42185931331485793,
      0.57110438807825
    ],
    "encoding_time": [
      26.874483661705188,
      27.36752835418401,
      29.747962102461397,
      27.259199388911217,
      27.480368521776093,
      26.986470179611377
    ],
    "decoding_time": [
      76.00084013215611,
      77.47618841990996,
      87.86199996310674,
      76.98322720741957,
      77.55916854906619,
      77.1056643697653
    ]
  }
}