{
  "name": "mbt2018-mse-8bit",
  "description": "Inference (ans)",
  "results": {
    "psnr": [
      30.05114185676146,
      31.610772015003676,
      33.23873836002993,
      34.74476367436098,
      36.496540669644816,
      38.13865012265323,
      39.90605517183797,
      41.674131864912056
    ],
    "ms-ssim": [
      0.9386430067962475,
      0.9553689534744519,
      0.9695063611764586,
      0.9782073008880187,
      0.9847190065330333,
      0.9892838610691971,
      0.992712337984128,
      0.995265784893143
    ],
    "bpp": [
      0.09060385732961962,
      0.14612167186673655,
      0.2168257045835883,
      0.3169678752062178,
      0.4575983423986555,
      0.6325319099347951,
      0.8718156547726938,
      1.1996022820250654
    ],
    "encoding_time": [
      25.189168722442027,
      24.940253099698698,
      26.483008572224822,
      26.857178568840027,
      25.610271342684715,
      25.949799130471906,
      25.823905978309973,
      25.828819686107423
    ],
    "decoding_time": [
      68.31117594509982,
      68.58951556682587,
      73.14696172783884,
      73.13883634899439,
      70.3418788682209,
      70.1266477121396,
      70.16712760523464,
      70.28603149130103
    ]
  }
}