{
  "name": "mbt2018-mean-mse",
  "description": "Inference (ans)",
  "results": {
    "psnr-rgb": [
      29.7058037211386,
      31.331077104204155,
      32.96968918703915,
      34.58829472573955,
      36.34904817516884,
      38.03299417388573,
      39.82743355397428,
      41.64238329683797
    ],
    "ms-ssim-rgb": [
      0.936694798844584,
      0.9552573176582208,
      0.9683086088534152,
      0.9780586050467545,
      0.984590711553445,
      0.9893434844659955,
      0.9929402306508482,
      0.9952730857924129
    ],
    "bpp": [
      0.10275695685548829,
      0.15767746700726593,
      0.23524146918385896,
      0.33978597393928334,
      0.4880394707572814,
      0.6599119162112771,
      0.9055214452673485,
      1.2250692244516617
    ],
    "encoding_time": [
      0.2604580099663038,
      0.25791504543818783,
      0.25477862759922326,
      0.26079577676365884,
      0.43830555208613364,
      0.43383918987231307,
      0.42774768223923243,
      0.441552478275942
    ],
    "decoding_time": [
      0.15894377365540924,
      0.1631851651695337,
      0.15988230303432163,
      0.17408531971192093,
      0.2726496190167545,
      0.2783471466450209,
      0.281508329209317,
      0.29560868123943884
    ]
  }
}