{
  "name": "cheng2020-anchor-mse-8bit",
  "description": "Inference (ans)",
  "results": {
    "psnr": [
      30.44679771380478,
      31.84241704190715,
      33.126285381531446,
      34.90971519170183,
      36.36478101537469,
      37.77093861612041
    ],
    "ms-ssim": [
      0.9398024360115609,
      0.9568390762538053,
      0.9687264775961972,
      0.9778139527594105,
      0.9844149575474557,
      0.9889260902163688
    ],
    "bpp": [
      0.09943932045943034,
      0.14595487546883956,
      0.20476417860395177,
      0.30446307841817705,
      0.4215437893307184,
      0.572170795271508
    ],
    "encoding_time": [
      24.546320057986826,
      24.619515464546975,
      25.020919048384336,
      24.979981642090873,
      24.937083293882647,
      24.99759016545971
    ],
    "decoding_time": [
      79.33712663141529,
      79.19047781456722,
      80.90217686369178,
      79.6711050580057,
      79.79840090703428,
      79.83077027154772
    ]
  }
}