{
  "name": "bmshj2018-factorized-mse-8bit",
  "description": "Inference (ans)",
  "results": {
    "psnr": [
      28.757572645551704,
      30.20928124631389,
      31.655090342746693,
      33.291450243317676,
      34.85975865567668,
      36.90955626026968,
      38.767849043513955,
      40.89969840746247
    ],
    "ms-ssim": [
      0.9301808201864864,
      0.9503051457780131,
      0.9648295486910959,
      0.9757413917712952,
      0.9833261072635651,
      0.9886736441194341,
      0.9924942837672287,
      0.9953091020664472
    ],
    "bpp": [
      0.11460563452931152,
      0.17061773947087167,
      0.2531158772035983,
      0.37383241154677577,
      0.5361005464517463,
      0.7822436377715004,
      1.0970717527786853,
      1.513915269246969
    ],
    "encoding_time": [
      0.22606830382614992,
      0.21905895967162056,
      0.22263345825538206,
      0.22293407193730386,
      0.21952164307069244,
      0.4216115300574999,
      0.41462191169181567,
      0.43884933396671594
    ],
    "decoding_time": [
      0.1394741160146306,
      0.13616650425985957,
      0.14068586236975167,
      0.14301773135581713,
      0.1471806068098947,
      0.2707422770810931,
      0.2832326192534372,
      0.3059709406970592
    ]
  }
}