{
  "name": "mbt2018-mean-8bit",
  "description": "Inference (ans)",
  "results": {
    "psnr-rgb": [
      27.69583757718404,
      29.353530724843342,
      31.121095101038616,
      32.93884746233622,
      34.949936866760254,
      36.88314358393351,
      38.79441340764364,
      40.56895097096761
    ],
    "ms-ssim-rgb": [
      0.9177580053607622,
      0.9429814790685972,
      0.9614063774545988,
      0.975120889643828,
      0.9834911773602167,
      0.989159015317758,
      0.9929624150196711,
      0.9952663431564966
    ],
    "bpp": [
      0.12392171223958336,
      0.19798109266493058,
      0.3072441948784722,
      0.46061197916666674,
      0.6616651746961806,
      0.9144049750434027,
      1.2342088487413194,
      1.619089762369792
    ],
    "encoding_time": [
      0.04928926626841227,
      0.041878302892049156,
      0.0446751614411672,
      0.04464500149091085,
      0.06540934244791667,
      0.06302444140116374,
      0.06293380260467529,
      0.06455433368682861
    ],
    "decoding_time": [
      0.028423190116882324,
      0.02925664186477661,
      0.03175671895345052,
      0.03221299250920614,
      0.044634997844696045,
      0.04368722438812256,
      0.04426733652750651,
      0.046239336331685386
    ]
  }
}