{
  "name": "bmshj2018-hyperprior-mse-8bit",
  "description": "Inference (ans)",
  "results": {
    "psnr": [
      27.57799522082011,
      29.191601514816284,
      30.964398622512817,
      32.82667779922485,
      34.50927464167277,
      36.71643273035685,
      38.542534033457436,
      40.49336210886637
    ],
    "ms-ssim": [
      0.9172840416431427,
      0.9419818868239721,
      0.960970920821031,
      0.9747916981577873,
      0.9834806794921557,
      0.9891728932658831,
      0.9927823270360628,
      0.9954107900460561
    ],
    "bpp": [
      0.13129340277777776,
      0.20889282226562503,
      0.3198581271701389,
      0.47835625542534727,
      0.6686876085069443,
      0.9388258192274304,
      1.2591722276475694,
      1.6602240668402775
    ],
    "encoding_time": [
      0.052560547987620033,
      0.04288137952486674,
      0.040335516134897866,
      0.04144975543022156,
      0.04176986217498779,
      0.062156071265538536,
      0.06271529197692871,
      0.06343137224515279
    ],
    "decoding_time": [
      0.03013708194096883,
      0.02972474694252014,
      0.02792420983314514,
      0.029609163602193195,
      0.03045851985613505,
      0.04235695799191793,
      0.043526659409205117,
      0.04490990440050761
    ]
  }
}