{
  "name": "cheng2020-anchor-8bit",
  "description": "Inference (ans)",
  "results": {
    "psnr": [
      28.57793688774109,
      29.962979952494305,
      31.334418376286823,
      33.377349297205605,
      35.100045601526894,
      36.677058378855385
    ],
    "ms-ssim": [
      0.9234831954042116,
      0.9463977366685867,
      0.9627606322367986,
      0.9756745845079422,
      0.9840238218506178,
      0.9892096991340319
    ],
    "bpp": [
      0.11959499782986115,
      0.18379720052083337,
      0.2709520128038195,
      0.4173753526475694,
      0.5944688585069444,
      0.805735270182292
    ],
    "encoding_time": [
      3.1562031308809915,
      3.1467214822769165,
      3.1709993879000344,
      3.2250915666421256,
      3.193092495203018,
      3.194781869649887
    ],
    "decoding_time": [
      10.215498596429825,
      10.126617829004923,
      10.307510604461035,
      10.252435833215714,
      10.201669335365295,
      10.171903838713964
    ]
  }
}