{
  "name": "bmshj2018-factorized-mse-8bit",
  "description": "Inference (ans)",
  "results": {
    "psnr-rgb": [
      26.905718167622883,
      28.213664293289185,
      29.61102072397868,
      31.26847990353902,
      32.94364643096924,
      35.35966149965922,
      37.364713191986084,
      39.568602879842125
    ],
    "ms-ssim-rgb": [
      0.9099040652314822,
      0.9359625205397606,
      0.955385779341062,
      0.9702705641587576,
      0.9805546849966049,
      0.987794059018294,
      0.9921169728040695,
      0.9950234840313593
    ],
    "bpp": [
      0.1226230197482639,
      0.18852742513020834,
      0.2878078884548611,
      0.44037882486979174,
      0.6481357150607638,
      0.9669765896267358,
      1.351165771484375,
      1.8332655164930556
    ],
    "encoding_time": [
      0.03746472795804342,
      0.02850453058878581,
      0.02880517641703288,
      0.03510697682698568,
      0.030344337224960327,
      0.05444436271985372,
      0.055729428927103676,
      0.06312055389086406
    ],
    "decoding_time": [
      0.01845097541809082,
      0.01848524808883667,
      0.019114116827646892,
      0.02491876482963562,
      0.021491259336471558,
      0.03851206103960673,
      0.04144302010536194,
      0.04884075125058492
    ]
  }
}