{
  "name": "bmshj2018-factorized-mse-8bit",
  "description": "Inference (ans)",
  "results": {
    "psnr-rgb": [
      26.905718167622883,
      28.213664293289185,
      29.61102072397868,
      31.26847990353902,
      32.94364643096924,
      35.35966149965922,
      37.364713191986084,
      39.568602879842125
    ],
    "ms-ssim-rgb": [
      0.9099040652314822,
      0.9359625205397606,
      0.955385779341062,
      0.9702705641587576,
      0.9805546849966049,
      0.987794059018294,
      0.9921169728040695,
      0.9950234840313593
    ],
    "bpp": [
      0.1226230197482639,
      0.18852742513020834,
      0.2878078884548611,
      0.44037882486979174,
      0.6481357150607638,
      0.9669765896267358,
      1.351165771484375,
      1.8332655164930556
    ],
    "encoding_time": [
      0.03851047158241272,
      0.029166231552759807,
      0.02911326289176941,
      0.029408305883407593,
      0.030339797337849934,
      0.054171860218048096,
      0.05775397022565206,
      0.06198742985725403
    ],
    "decoding_time": [
      0.01807201902071635,
      0.018871237834294636,
      0.01935349901517232,
      0.020379304885864258,
      0.021634548902511597,
      0.03842252492904663,
      0.043530682722727455,
      0.04864024122556051
    ]
  }
}