{
  "name": "bmshj2018-hyperprior-mse-8bit",
  "description": "Inference (ans)",
  "results": {
    "psnr": [
      27.57799522082011,
      29.191601514816284,
      30.964398622512817,
      32.82667779922485,
      34.50927464167277,
      36.71643273035685,
      38.542534033457436,
      40.49336210886637
    ],
    "ms-ssim": [
      0.9172840416431427,
      0.9419818868239721,
      0.960970920821031,
      0.9747916981577873,
      0.9834806794921557,
      0.9891728932658831,
      0.9927823270360628,
      0.9954107900460561
    ],
    "bpp": [
      0.13129340277777776,
      0.20889282226562503,
      0.3198581271701389,
      0.47835625542534727,
      0.6686876085069443,
      0.9388258192274304,
      1.2591722276475694,
      1.6602240668402775
    ],
    "encoding_time": [
      0.04938984910647074,
      0.04138263066609701,
      0.04354716340700785,
      0.042751977841059365,
      0.043587187925974526,
      0.06334282954533894,
      0.06422065695126851,
      0.0630590816338857
    ],
    "decoding_time": [
      0.028280069430669148,
      0.02952250838279724,
      0.031011422475179035,
      0.03063880403836568,
      0.032013773918151855,
      0.04433367649714152,
      0.04544354478518168,
      0.04540571570396423
    ]
  }
}