{
  "name": "cheng2020-attn-mse",
  "description": "Inference (ans)",
  "results": {
    "psnr": [
      28.426701704661053,
      29.760190566380818,
      31.313220977783203,
      33.35109464327494,
      34.931366523106895,
      36.59522501627604
    ],
    "ms-ssim": [
      0.9238172595699629,
      0.9452412277460098,
      0.9633701766530672,
      0.9761027917265892,
      0.9836959168314934,
      0.9890857314070066
    ],
    "bpp": [
      0.11557685004340279,
      0.17447916666666666,
      0.26903279622395837,
      0.4269612630208333,
      0.5952894422743056,
      0.8058878580729166
    ],
    "encoding_time": [
      3.3675765494505563,
      3.7646008829275766,
      3.4823974668979645,
      3.660950928926468,
      3.6511050860087075,
      3.697652220726013
    ],
    "decoding_time": [
      9.800588836272558,
      10.246322135130564,
      9.88647872209549,
      10.045310487349829,
      10.047090192635855,
      10.13676635424296
    ]
  }
}