{
  "name": "mbt2018-mean-mse-8bit",
  "description": "Inference (ans)",
  "results": {
    "psnr": [
      27.69583757718404,
      29.353530724843342,
      31.121095101038616,
      32.93884746233622,
      34.949936866760254,
      36.88314358393351,
      38.79441340764364,
      40.56895097096761
    ],
    "ms-ssim": [
      0.9177580053607622,
      0.9429814790685972,
      0.9614063774545988,
      0.975120889643828,
      0.9834911773602167,
      0.989159015317758,
      0.9929624150196711,
      0.9952663431564966
    ],
    "bpp": [
      0.12392171223958336,
      0.19798109266493058,
      0.3072441948784722,
      0.46061197916666674,
      0.6616651746961806,
      0.9144049750434027,
      1.2342088487413194,
      1.619089762369792
    ],
    "encoding_time": [
      0.05346434315045675,
      0.040650387605031334,
      0.04030017058054606,
      0.04116487503051758,
      0.0625561277071635,
      0.062391459941864014,
      0.06303970019022624,
      0.06414860486984253
    ],
    "decoding_time": [
      0.0270388126373291,
      0.02785627047220866,
      0.02802153428395589,
      0.029132227102915447,
      0.041799803574879967,
      0.04308434327443441,
      0.04444248477617899,
      0.0462381641070048
    ]
  }
}