{
  "name": "mbt2018-mse-8bit",
  "description": "Inference (ans)",
  "results": {
    "psnr-rgb": [
      28.084468444188435,
      29.63985006014506,
      31.35390814145406,
      33.07363899548849,
      35.074715534845986,
      36.960309982299805,
      38.889467557271324,
      40.574419816335045
    ],
    "ms-ssim-rgb": [
      0.9206076512734095,
      0.9431367143988609,
      0.9626665835579237,
      0.9751316954692205,
      0.983469677468141,
      0.9891495530803999,
      0.9927773227294286,
      0.9952310199538866
    ],
    "bpp": [
      0.1105312771267361,
      0.18697102864583334,
      0.28769599066840285,
      0.4323391384548611,
      0.6387668185763888,
      0.8853047688802084,
      1.2003648546006944,
      1.5873446994357636
    ],
    "encoding_time": [
      3.3621772627035775,
      3.142329533894857,
      3.64172770579656,
      3.4236645301183066,
      3.5285086731115975,
      3.1977481842041016,
      3.7444534301757812,
      3.283316800991694
    ],
    "decoding_time": [
      9.863956719636917,
      9.52629804611206,
      10.17328123251597,
      9.849420557419458,
      9.927906781435013,
      9.711579352617264,
      10.153538078069687,
      9.880478372176489
    ]
  }
}