{
  "name": "mbt2018-mse-8bit",
  "description": "Inference (ans)",
  "results": {
    "psnr-rgb": [
      28.084468444188435,
      29.63985006014506,
      31.35390814145406,
      33.07363899548849,
      35.074715534845986,
      36.960309982299805,
      38.889467557271324,
      40.574419816335045
    ],
    "ms-ssim-rgb": [
      0.9206076512734095,
      0.9431367143988609,
      0.9626665835579237,
      0.9751316954692205,
      0.983469677468141,
      0.9891495530803999,
      0.9927773227294286,
      0.9952310199538866
    ],
    "bpp": [
      0.1105312771267361,
      0.18697102864583334,
      0.28769599066840285,
      0.4323391384548611,
      0.6387668185763888,
      0.8853047688802084,
      1.2003648546006944,
      1.5873446994357636
    ],
    "encoding_time": [
      3.361889590819677,
      3.6441336572170258,
      3.833623001972834,
      3.56571759780248,
      3.5578154921531677,
      3.3987121184666953,
      3.43895689646403,
      3.3706227838993073
    ],
    "decoding_time": [
      9.740599324305853,
      10.035305599371592,
      10.265875279903412,
      9.918616990248362,
      9.985403249661127,
      9.73777025938034,
      9.800814708073935,
      9.779021600882212
    ]
  }
}