{
  "name": "AV1",
  "description": "AV1",
  "results": {
    "psnr": [
      25.560748666394826,
      27.562376875202137,
      29.024678604649907,
      30.441698091000813,
      31.987444059876804,
      33.64977242858552,
      35.32180282516228,
      36.98879352061731,
      38.55543296668058,
      39.809438031465874,
      41.43435709647151,
      43.967648597724434
    ],
    "ms-ssim": [
      0.8465683733423551,
      0.9011134679118792,
      0.9292522966861725,
      0.9490414063135783,
      0.9642853563030561,
      0.9753099357088407,
      0.9827891066670418,
      0.9878334229191145,
      0.9911206339796385,
      0.9930793369809786,
      0.995034895837307,
      0.9972404738267263
    ],
    "bpp": [
      0.055692036946614586,
      0.10998111300998265,
      0.1699549357096354,
      0.24560207790798608,
      0.3523576524522569,
      0.49874030219184023,
      0.6827884250217013,
      0.9090254041883682,
      1.167274475097656,
      1.414791531032986,
      1.8053699069552955,
      2.607515123155382
    ],
    "encoding_time": [
      5.796359946330388,
      8.123067577679953,
      10.10468370715777,
      12.352292488018671,
      15.134790897369385,
      18.60178193449974,
      22.246956874926884,
      26.51115934054057,
      29.88876383503278,
      33.13319979111353,
      36.71531523267428,
      42.55757509668668
    ],
    "decoding_time": [
      0.025809963544209797,
      0.02629867196083069,
      0.028230418761571247,
      0.030704687039057415,
      0.03213550647099813,
      0.033662229776382446,
      0.03673786918322245,
      0.041298518578211464,
      0.04342496395111084,
      0.044520715872446694,
      0.04858143130938212,
      0.05335638920466105
    ]
  }
}