{
  "name": "mbt2018-mean",
  "description": "Inference (ans)",
  "results": {
    "psnr": [
      25.44070431094674,
      26.56793771857012,
      27.566043065908513,
      28.502706000491198,
      29.518198027523084,
      30.85245516372217,
      32.24249568076115,
      33.828304494068725
    ],
    "ms-ssim": [
      0.933812141418457,
      0.9570232306917509,
      0.9717467998464903,
      0.9807666117946306,
      0.9866285448273023,
      0.9911599010229111,
      0.9941219364603361,
      0.9961015482743582
    ],
    "bpp": [
      0.10171508789062501,
      0.16160074869791669,
      0.24189588758680555,
      0.3423021104600695,
      0.46380954318576384,
      0.6381361219618055,
      0.8619384765625,
      1.158715142144097
    ],
    "encoding_time": [
      0.03648402293523153,
      0.03251535693804423,
      0.03352010250091553,
      0.03954639037450155,
      0.0515826940536499,
      0.05920355518658956,
      0.05222358306248983,
      0.05246622363726298
    ],
    "decoding_time": [
      0.02025338013966878,
      0.02056943376859029,
      0.02149246136347453,
      0.023459792137145996,
      0.030895660320917766,
      0.03392169872919718,
      0.03259326020876566,
      0.03432351350784302
    ]
  }
}