{
  "name": "bmshj2018-hyperprior",
  "description": "Inference (ans)",
  "results": {
    "psnr": [
      24.868248601194242,
      25.985596858661143,
      27.071938995758597,
      28.11380245534565,
      28.992421114011616,
      30.220334455291507,
      31.598353906153378,
      33.174764650954394
    ],
    "ms-ssim": [
      0.9347378313541412,
      0.9550811325510343,
      0.9706825787822405,
      0.9806284680962563,
      0.9866019537051519,
      0.9906589587529501,
      0.9937887464960417,
      0.9959184750914574
    ],
    "bpp": [
      0.1094326443142361,
      0.1669514973958333,
      0.24811808268229166,
      0.3495449490017361,
      0.47353786892361094,
      0.6379292805989585,
      0.858771430121528,
      1.1598409016927083
    ],
    "encoding_time": [
      0.043423990408579506,
      0.03932111461957296,
      0.040019333362579346,
      0.03543307383855184,
      0.03301700949668884,
      0.056319753328959145,
      0.050064285596211754,
      0.056355019410451256
    ],
    "decoding_time": [
      0.02310401201248169,
      0.02277340491612752,
      0.023206402858098347,
      0.031077216068903606,
      0.023077478011449177,
      0.0326556662718455,
      0.03287675976753235,
      0.03449103236198425
    ]
  }
}