{
  "name": "cheng2020-anchor",
  "description": "Inference (ans)",
  "results": {
    "psnr": [
      28.582315346297136,
      29.968463144388622,
      31.34260119519143,
      33.389663451039304,
      35.11808807406383,
      36.70447371846136
    ],
    "ms-ssim": [
      0.9235850100715955,
      0.9465037633975347,
      0.9628585601846377,
      0.9757698476314545,
      0.9841155285636584,
      0.9893002236882845
    ],
    "bpp": [
      0.11959838867187501,
      0.18380398220486116,
      0.2709520128038195,
      0.4173855251736111,
      0.594455295138889,
      0.8057284884982642
    ],
    "encoding_time": [
      4.396212100982666,
      4.1811725695927935,
      4.2672209938367205,
      8.527882953484854,
      8.543199946482977,
      8.321631709734598
    ],
    "decoding_time": [
      8.8139428794384,
      8.349522024393082,
      8.89856713016828,
      14.461705962816874,
      14.208920538425446,
      14.229354918003082
    ]
  }
}