{
  "name": "cheng2020-attn",
  "description": "Inference (ans)",
  "results": {
    "psnr": [
      25.585799325999456,
      26.69123714415805,
      27.71092586526387,
      29.00747166524582,
      29.980842685936352,
      31.454137074652667
    ],
    "ms-ssim": [
      0.9367941319942474,
      0.957982562482357,
      0.9719457998871803,
      0.982416865726312,
      0.9876334990064303,
      0.9913568223516146
    ],
    "bpp": [
      0.09189520941840278,
      0.14524332682291663,
      0.2149895562065972,
      0.31959025065104163,
      0.42984008789062517,
      0.5958116319444445
    ],
    "encoding_time": [
      2.668969680865606,
      2.68257267276446,
      2.6950812141100564,
      2.6978021462758384,
      4.598223835229874,
      4.2381897668043775
    ],
    "decoding_time": [
      6.8358154296875,
      6.789257377386093,
      6.891935954491298,
      6.74169843395551,
      9.619145691394806,
      9.467892169952393
    ]
  }
}