{
  "name": "bmshj2018-hyperprior",
  "description": "Inference (ans)",
  "results": {
    "psnr": [
      24.868270255597213,
      25.985603042635802,
      27.0719440363254,
      28.11380246832508,
      28.992422814360392,
      30.22032996048189,
      31.59835226407328,
      33.17476960776951
    ],
    "ms-ssim": [
      0.9347377841671308,
      0.9550812219580015,
      0.9706826061010361,
      0.9806285152832667,
      0.9866020356615385,
      0.9906589537858963,
      0.9937887390454611,
      0.9959184676408768
    ],
    "bpp": [
      0.1094326443142361,
      0.1669514973958333,
      0.24811808268229166,
      0.3495449490017361,
      0.47353786892361094,
      0.6379258897569445,
      0.858771430121528,
      1.1598442925347223
    ],
    "encoding_time": [
      0.6972717742125193,
      0.7196497917175293,
      0.7154930233955383,
      0.7136771082878113,
      0.7216710050900778,
      1.3659538825352986,
      1.3912087579568226,
      1.4020930031935375
    ],
    "decoding_time": [
      0.8910353779792786,
      0.9129211703936259,
      0.8984180092811584,
      0.8999178111553192,
      0.9123487969239553,
      1.6231540143489838,
      1.6214011708895366,
      1.6219739317893982
    ]
  }
}