{
  "name": "bmshj2018-factorized (MS-SSIM)",
  "description": "Inference (ans)",
  "results": {
    "psnr": [
      25.296228209480017,
      26.291598318397792,
      27.210479861473953,
      28.15604887884864,
      29.044355791574773,
      30.31409963339934,
      31.415364356529057,
      32.75285973363841
    ],
    "ms-ssim": [
      0.9296228364109993,
      0.9503153786063194,
      0.9650651638706526,
      0.9769495675961176,
      0.9845315292477608,
      0.9894687235355377,
      0.992765928308169,
      0.9951457530260086
    ],
    "bpp": [
      0.11629231770833336,
      0.1727667914496528,
      0.2521870930989583,
      0.359310574001736,
      0.4981214735243055,
      0.6686842176649307,
      0.8867797851562499,
      1.1780904134114585
    ],
    "encoding_time": [
      0.7308459083239237,
      0.6648052533467611,
      0.5810465415318807,
      0.5857132176558176,
      0.5839024782180786,
      1.1766345798969269,
      1.1181816160678864,
      1.0978260338306427
    ],
    "decoding_time": [
      0.9475190937519073,
      0.8467471500237783,
      0.7397986948490143,
      0.7551001906394958,
      0.7316749095916748,
      1.329811970392863,
      1.2774413029352825,
      1.253596951564153
    ]
  }
}
