{
  "name": "mbt2018",
  "description": "Inference (ans)",
  "results": {
    "psnr": [
      25.54117584514974,
      26.722515829227618,
      27.91070358688161,
      28.959078675173643,
      29.572091302488143,
      30.494374376914877,
      32.022399525405596,
      33.498171304794134
    ],
    "ms-ssim": [
      0.9371825183431307,
      0.9584858268499374,
      0.9725003316998482,
      0.9810259987910589,
      0.9871431241432825,
      0.9913033867875735,
      0.9940702170133591,
      0.9959912275274595
    ],
    "bpp": [
      0.09754774305555557,
      0.15631103515625,
      0.23415459526909724,
      0.32611762152777773,
      0.4566243489583333,
      0.6153496636284722,
      0.8500501844618057,
      1.1412997775607638
    ],
    "encoding_time": [
      2.6810180147488913,
      2.6460862159729004,
      2.678954621156057,
      2.754691392183304,
      2.7600788871447244,
      2.661618838707606,
      2.5956489741802216,
      2.716908802588781
    ],
    "decoding_time": [
      6.666137893994649,
      6.665746221939723,
      6.675952722628911,
      6.73682560523351,
      6.52330756187439,
      6.778481702009837,
      6.4481244285901385,
      6.738487680753072
    ]
  }
}