{
  "name": "cheng2020-anchor",
  "description": "Inference (ans)",
  "results": {
    "psnr": [
      28.58229312177221,
      29.96800936622738,
      31.342665159899195,
      33.390023733924046,
      35.11819384426787,
      36.703700101013915
    ],
    "ms-ssim": [
      0.9235779022177061,
      0.9465006937583288,
      0.9628595759471258,
      0.9757735033830007,
      0.9841170758008957,
      0.9893013263742129
    ],
    "bpp": [
      0.11958821614583333,
      0.1837870279947917,
      0.2709520128038194,
      0.417388916015625,
      0.5944519042968751,
      0.8057149251302084
    ],
    "encoding_time": [
      5.1157700916131335,
      5.080144961675008,
      5.015920390685399,
      7.391641557216644,
      8.1688681046168,
      8.588606228431066
    ],
    "decoding_time": [
      11.437897324562073,
      11.40776123603185,
      11.443242212136587,
      14.493075380722681,
      15.901185562213263,
      16.585094074408214
    ]
  }
}
