{
  "name": "bmshj2018-factorized",
  "description": "Inference (ans)",
  "results": {
    "psnr": [
      26.908817394289304,
      28.217925699960002,
      29.616915231568353,
      31.27708728897609,
      32.956122820153084,
      35.380922291056244,
      37.39693190227357,
      39.621314292092684
    ],
    "ms-ssim": [
      0.909988597035408,
      0.9360475639502207,
      0.9554706936081251,
      0.9703576192259789,
      0.9806416779756546,
      0.9878811265031496,
      0.9921989490588506,
      0.9951046854257584
    ],
    "bpp": [
      0.1226230197482639,
      0.18852742513020834,
      0.2878078884548611,
      0.44037882486979174,
      0.6481357150607638,
      0.9669765896267358,
      1.351165771484375,
      1.8332655164930556
    ],
    "encoding_time": [
      0.029442240794499714,
      0.022808889547983806,
      0.044924656550089516,
      0.0453314483165741,
      0.04554635286331177,
      0.049007266759872437,
      0.060063183307647705,
      0.05449021855990092
    ],
    "decoding_time": [
      0.015836328268051147,
      0.014355729023615519,
      0.018537739912668865,
      0.019978453715642292,
      0.021332144737243652,
      0.031190176804860432,
      0.07524640361467998,
      0.0394707719484965
    ]
  }
}