{
  "name": "bmshj2018-hyperprior",
  "description": "Inference (ans)",
  "results": {
    "psnr": [
      27.581536752297392,
      29.196703405493214,
      30.972162072759534,
      32.83818257445048,
      34.52626403063645,
      36.74334835426406,
      38.58384824012354,
      40.556865931529494
    ],
    "ms-ssim": [
      0.9173670336604118,
      0.9420619979500771,
      0.9610559890667597,
      0.9748738879958788,
      0.9835607434312502,
      0.9892507369319598,
      0.9928662379582723,
      0.9954901238282522
    ],
    "bpp": [
      0.13129340277777776,
      0.20889282226562503,
      0.3198581271701389,
      0.47835625542534727,
      0.6686876085069443,
      0.9388258192274304,
      1.2591722276475694,
      1.6602240668402775
    ],
    "encoding_time": [
      0.034027030070622764,
      0.03349201877911886,
      0.04104950030644735,
      0.03514625628789266,
      0.042724778254826866,
      0.05182003974914551,
      0.05990575750668844,
      0.05564545591672262
    ],
    "decoding_time": [
      0.022706329822540283,
      0.021944125493367512,
      0.024182766675949097,
      0.0249578853448232,
      0.027037203311920166,
      0.035245428482691445,
      0.03719417254130045,
      0.040687511364618935
    ]
  }
}