{
  "name": "mbt2018",
  "description": "Inference (ans)",
  "results": {
    "psnr": [
      28.088869926632654,
      29.645305305751226,
      31.36235582178716,
      33.085616005166436,
      35.09360247348057,
      36.98857497402823,
      38.9332181272494,
      40.64035727274914
    ],
    "ms-ssim": [
      0.92072265346845,
      0.9432242438197136,
      0.9627579599618912,
      0.9752304603656133,
      0.9835531041026115,
      0.9892363622784615,
      0.9928615341583887,
      0.9953123057881991
    ],
    "bpp": [
      0.1105380588107639,
      0.18696763780381942,
      0.28770277235243064,
      0.4323221842447917,
      0.6388041178385414,
      0.8853352864583334,
      1.2004021538628473,
      1.587419297960069
    ],
    "encoding_time": [
      5.482255885998408,
      5.498153527577718,
      5.685418317715327,
      5.371256868044536,
      13.071211298306784,
      14.191613535086313,
      13.149019519488016,
      13.454446027676264
    ],
    "decoding_time": [
      10.076720118522644,
      9.965136736631393,
      10.155670622984568,
      9.689576754967371,
      17.736660331487656,
      18.352848649024963,
      18.153708418210346,
      18.86345315972964
    ]
  }
}