{
  "name": "cheng2020-anchor",
  "description": "Inference (ans)",
  "results": {
    "psnr": [
      28.58229312177221,
      29.96800936622738,
      31.342665159899195,
      33.390023733924046,
      35.11819384426787,
      36.703700101013915
    ],
    "msssim": [
      0.9235779022177061,
      0.9465006937583288,
      0.9628595759471258,
      0.9757735033830007,
      0.9841170758008957,
      0.9893013263742129
    ],
    "bpp": [
      0.11958821614583333,
      0.1837870279947917,
      0.2709520128038194,
      0.417388916015625,
      0.5944519042968751,
      0.8057149251302084
    ],
    "encoding_time": [
      16.279420852661133,
      20.101044068733852,
      15.732020139694214,
      17.13905969262123,
      20.51639797290166,
      31.83535271883011
    ],
    "decoding_time": [
      18.587168792883556,
      20.607881794373196,
      16.59526899456978,
      18.410576303799946,
      22.997915705045063,
      34.35401646296183
    ]
  }
}
