{
  "name": "bmshj2018-hyperprior",
  "description": "Inference (ans)",
  "results": {
    "psnr": [
      27.58155907450406,
      29.19671931859494,
      30.97219382488507,
      32.83820270458673,
      34.52628082045597,
      36.743368988349204,
      38.58387227140796,
      40.55688674604878
    ],
    "ms-ssim": [
      0.9173671205838522,
      0.9420624946554502,
      0.9610575164357821,
      0.9748751744627953,
      0.9835622484485308,
      0.9892520308494568,
      0.9928679764270782,
      0.9954917877912521
    ],
    "bpp": [
      0.13129340277777776,
      0.20889282226562503,
      0.31985812717013895,
      0.47835625542534715,
      0.6686876085069443,
      0.9388224283854165,
      1.2591722276475694,
      1.660227457682292
    ],
    "encoding_time": [
      0.666157603263855,
      0.6380271116892496,
      0.6185756921768188,
      0.6435250441233317,
      0.6599514285723368,
      1.2169950703779857,
      1.2529462973276775,
      1.4361092845598857
    ],
    "decoding_time": [
      0.7984055479367574,
      0.8170776863892873,
      0.7659059961636862,
      0.7862140933672587,
      0.8383221824963888,
      1.3493719100952148,
      1.4137281080087025,
      1.6920989056428273
    ]
  }
}
