{
	"name": "mbt2018",
	"description": "Inference (ans)",
	"results": {
		"psnr": [
			28.088560418482516,
			29.64580913888189,
			31.362608032480214,
			33.086296332194344,
			35.09405623021366,
			36.98827058540331,
			38.932597787520365,
			40.639253879722695
		],
		"ms-ssim": [
			0.9207030460238457,
			0.9432369321584702,
			0.9627572819590569,
			0.9752277930577596,
			0.9835597773392996,
			0.9892366056640943,
			0.992865115404129,
			0.9953131253520647
		],
		"bpp": [
			0.11053466796874999,
			0.1869608561197917,
			0.2877095540364584,
			0.43236626519097227,
			0.6387736002604165,
			0.8853658040364585,
			1.2003241644965277,
			1.587398952907986
		],
		"encoding_time": [
			13.083546022574106,
			12.94546565413475,
			12.847266525030136,
			12.800349175930023,
			25.705028494199116,
			25.609390795230865,
			25.598910977443058,
			25.716060260931652
		],
		"decoding_time": [
			13.133422642946243,
			12.98315911491712,
			12.899713277816772,
			12.86908683180809,
			25.641480813423794,
			25.67752845088641,
			25.650167961915333,
			25.69254802664121
		]
	}
}
