{
  "name": "cheng2020-anchor",
  "description": "Inference (ans)",
  "results": {
    "psnr": [
      25.790027400394337,
      26.652088645482166,
      27.852512638182077,
      28.808875855181114,
      30.099083167746326,
      30.93391586729822
    ],
    "ms-ssim": [
      0.9414552773038546,
      0.9601853465040525,
      0.9739863326152166,
      0.9821589067578316,
      0.987865482767423,
      0.9916993925968806
    ],
    "bpp": [
      0.0980563693576389,
      0.14954630533854166,
      0.22620307074652782,
      0.31734551323784727,
      0.44884914822048616,
      0.5891859266493057
    ],
    "encoding_time": [
      2.5709563195705414,
      2.5902612010637918,
      2.7160435716311135,
      2.6918994883696237,
      2.6651874283949533,
      2.8133738736311593
    ],
    "decoding_time": [
      5.716515749692917,
      5.674631814161937,
      5.8928042948246,
      5.862759629885356,
      5.723533024390538,
      5.865190883477529
    ]
  }
}