{
  "name": "bmshj2018-hyperprior (MS-SSIM)",
  "description": "Inference (ans)",
  "results": {
    "psnr": [
      24.868274030595206,
      25.985619704450546,
      27.07196840713297,
      28.113837367075963,
      28.99245992704876,
      30.220387375509848,
      31.59839895889618,
      33.17480599042512
    ],
    "ms-ssim": [
      0.9347385639945666,
      0.955082173148791,
      0.9706839794913927,
      0.9806300178170204,
      0.9866035580635071,
      0.9906607915957769,
      0.993790032962958,
      0.9959203998247782
    ],
    "bpp": [
      0.10943264431423609,
      0.16694810655381945,
      0.24811808268229166,
      0.3495449490017361,
      0.47353786892361116,
      0.6379292805989584,
      0.8587680392795138,
      1.1598442925347225
    ],
    "encoding_time": [
      0.7646380464235941,
      0.7965317169825236,
      0.7741038699944814,
      0.7570936977863312,
      0.7897545794645945,
      1.4312772850195568,
      1.3514814178148906,
      1.328480194012324
    ],
    "decoding_time": [
      1.0229128400484722,
      0.9793564478556315,
      0.9443209071954092,
      0.9288693567117056,
      1.0582619309425354,
      1.6489299535751343,
      1.4682208100954692,
      1.500206897656123
    ]
  }
}
