{
  "name": "cheng2020-attn",
  "description": "Inference (ans)",
  "results": {
    "psnr": [
      28.431023322373452,
      29.7659258975736,
      31.321335416187427,
      33.36386083004006,
      34.94943091702436,
      36.621812638892735
    ],
    "ms-ssim": [
      0.9239219004909197,
      0.9453463529547056,
      0.9634692048033079,
      0.9761922930677732,
      0.9837846383452415,
      0.9891740903258324
    ],
    "bpp": [
      0.11557685004340279,
      0.17447916666666666,
      0.26903279622395837,
      0.4269612630208333,
      0.5952894422743056,
      0.8058878580729166
    ],
    "encoding_time": [
      4.24324768781662,
      4.216235518455505,
      2.660042941570282,
      2.6848584413528442,
      4.609408100446065,
      2.706893781820933
    ],
    "decoding_time": [
      9.529114802678427,
      9.608783930540085,
      6.75898551940918,
      6.747605959574382,
      9.602343201637268,
      6.787064323822658
    ]
  }
}