{
	"name": "mbt2018-mean",
	"description": "Inference (ans)",
	"results": {
		"psnr": [
			27.69950239915787,
			29.35883525575274,
			31.12894118989945,
			32.95069424193938,
			34.96834182207771,
			36.91110873106684,
			38.83754285275453,
			40.633335726100974
		],
		"ms-ssim": [
			0.9178413599729538,
			0.9430573831001917,
			0.9614859521389008,
			0.9752059628566107,
			0.983577718337377,
			0.9892518172661463,
			0.9930501282215118,
			0.9953505173325539
		],
		"bpp": [
			0.12392171223958331,
			0.19798109266493055,
			0.3072441948784722,
			0.4606119791666668,
			0.6616651746961805,
			0.9144049750434026,
			1.2342122395833333,
			1.6190931532118056
		],
		"encoding_time": [
			1.1552810072898865,
			1.1068531672159831,
			1.1608075002829235,
			1.1116152902444203,
			1.9530189732710521,
			1.895745535691579,
			2.0843158861001334,
			2.1695050100485482
		],
		"decoding_time": [
			1.3383906582991283,
			1.3492208023866017,
			1.5299872656663258,
			1.346232016881307,
			2.1659627854824066,
			2.0299366811911264,
			2.4777020514011383,
			2.7196975648403168
		]
	}
}
