{
  "name": "bmshj2018-factorized",
  "description": "Inference (ans)",
  "results": {
    "psnr": [
      26.906466232446334,
      28.21386103714532,
      29.61130151278675,
      31.268754259654713,
      32.94231100294043,
      35.35745855857201,
      37.357854609358036,
      39.56835266664863
    ],
    "ms-ssim": [
      0.9099423935015997,
      0.9360062628984451,
      0.9554559290409088,
      0.9703451171517372,
      0.9806291411320368,
      0.9878649786114693,
      0.9921779707074165,
      0.9950873528917631
    ],
    "bpp": [
      0.1226230197482639,
      0.18852742513020834,
      0.2878078884548611,
      0.4403754340277779,
      0.6481391059027777,
      0.9669765896267358,
      1.351158989800347,
      1.8332722981770833
    ],
    "encoding_time": [
      0.6033916672070821,
      0.5783161222934723,
      0.5795119404792786,
      0.581949919462204,
      0.5779859026273092,
      1.1582357287406921,
      1.0884716113408406,
      1.117357075214386
    ],
    "decoding_time": [
      0.7825534244378408,
      0.7433167199293772,
      0.7418138086795807,
      0.7345941265424093,
      0.7410995761553446,
      1.3571670055389404,
      1.2354034980138142,
      1.2707110544045765
    ]
  }
}
