{
  "name": "cheng2020-anchor",
  "description": "Inference (ans)",
  "results": {
    "psnr": [
      25.790027400394337,
      26.652088645482166,
      27.852512638182077,
      28.808875855181114,
      30.099083167746326,
      30.93391586729822
    ],
    "ms-ssim": [
      0.9414552773038546,
      0.9601853465040525,
      0.9739863326152166,
      0.9821589067578316,
      0.987865482767423,
      0.9916993925968806
    ],
    "bpp": [
      0.0980563693576389,
      0.14954630533854166,
      0.22620307074652782,
      0.31734551323784727,
      0.44884914822048616,
      0.5891859266493057
    ],
    "encoding_time": [
      3.045046110947927,
      3.1281240979830423,
      2.7389579514662423,
      3.2289162377516427,
      2.864657153685888,
      2.6953477760155997
    ],
    "decoding_time": [
      7.071180522441864,
      8.198176870743433,
      6.693995346625646,
      8.451288282871246,
      6.776395867268245,
      6.648562798897426
    ]
  }
}