{
  "name": "cheng2020-anchor",
  "description": "Inference (ans)",
  "results": {
    "psnr": [
      25.790042568533327,
      26.65236983787339,
      27.85142119124686,
      28.808821490789153,
      30.09936808994991,
      30.931630045413005
    ],
    "ms-ssim": [
      0.9414613718787829,
      0.9601856122414271,
      0.9739844327171644,
      0.9821571484208107,
      0.9878659198681513,
      0.9916983445485433
    ],
    "bpp": [
      0.09806993272569443,
      0.14954291449652776,
      0.22618272569444445,
      0.3173489040798611,
      0.4488728841145834,
      0.5891757541232641
    ],
    "encoding_time": [
      4.644511193037033,
      4.712995370229085,
      4.555189510186513,
      4.3069873948891955,
      8.59041636188825,
      8.725391775369644
    ],
    "decoding_time": [
      9.182881583770117,
      9.282513588666916,
      8.952396343151728,
      9.043608456850052,
      14.762847701708475,
      14.23514986038208
    ]
  }
}