{
  "name": "JPEG2000",
  "description": "JPEG2000. ffmpeg version 3.4.6-0ubuntu0.18.04.1",
  "results": {
    "psnr": [
      37.95271710129312,
      34.93700324917347,
      33.08966793484495,
      31.800724292722478,
      30.866404940060974,
      30.12108371656274,
      29.53934205336343,
      29.05169014688102,
      28.637014130349687,
      28.286023867894666,
      27.961534584881992,
      27.680584437373046,
      27.43111927307397,
      27.19926463888071,
      26.9963184456891,
      26.81486941820802,
      26.650355479242517,
      26.492432957133108,
      26.337932962488257
    ],
    "msssim": [
      0.9897496029734612,
      0.9783178269863129,
      0.9678428446253141,
      0.9579166024923325,
      0.9493857100605965,
      0.9414504716793696,
      0.934134416282177,
      0.9271347572406133,
      0.9210776562492052,
      0.9151872843503952,
      0.9097186475992203,
      0.9053279807170233,
      0.9007601042588552,
      0.8960626274347305,
      0.8916223868727684,
      0.8873507902026176,
      0.8829305097460747,
      0.8787268946568171,
      0.8753740365306536
    ],
    "bpp": [
      2.3974143134223085,
      1.1979760064019096,
      0.7988798353407117,
      0.5987133449978299,
      0.47888183593750006,
      0.3986612955729167,
      0.34186469184027773,
      0.2988382975260417,
      0.26570977105034727,
      0.23935614691840282,
      0.21738264295789933,
      0.19924418131510416,
      0.1837938096788195,
      0.17045084635416666,
      0.15909237331814238,
      0.14923519558376733,
      0.14055633544921872,
      0.13270060221354166,
      0.12555101182725692
    ],
    "encoding_time": [
      0.2034761607646942,
      0.20833264787991843,
      0.1934687395890554,
      0.20801830291748047,
      0.19033933679262796,
      0.1999016006787618,
      0.19552546739578247,
      0.19304850697517395,
      0.2016019324461619,
      0.19431638717651367,
      0.1981747547785441,
      0.205007404088974,
      0.1996129850546519,
      0.20707350969314575,
      0.20429402589797974,
      0.18621200323104858,
      0.1933988332748413,
      0.19036107261975607,
      0.22284376621246338
    ],
    "decoding_time": [
      0.2446033457914988,
      0.20235647757848105,
      0.18375699718793234,
      0.1861772139867147,
      0.1823138197263082,
      0.1772682269414266,
      0.18487346172332764,
      0.17223226030667624,
      0.16739063461621603,
      0.1757571498552958,
      0.1713796854019165,
      0.1675719916820526,
      0.16484333078066507,
      0.16391364733378092,
      0.15473543604214987,
      0.18639170130093893,
      0.16676801443099976,
      0.159425288438797,
      0.15914886196454367
    ]
  }
}
