{
  "name": "WebP",
  "description": "WebP. Pillow version 7.1.2",
  "results": {
    "psnr": [
      28.328423711178047,
      29.15120466864292,
      29.82085123995705,
      30.406978660790273,
      30.939177449342804,
      31.44262071523305,
      31.935957285610844,
      32.42482398631663,
      32.883460109461126,
      33.23755297085759,
      33.60666386484625,
      33.97166322888808,
      34.3281792852023,
      34.69344958764347,
      35.104168463128424,
      36.36904624994511,
      37.77825929813315,
      39.55695217506825,
      41.75924866052373
    ],
    "ms-ssim": [
      0.9257391567031542,
      0.9396422306696574,
      0.9485039884845415,
      0.9549540728330612,
      0.9602156182130178,
      0.9641667927304903,
      0.9676028564572334,
      0.9705141683419546,
      0.9729976480205854,
      0.9750594049692154,
      0.9771071672439575,
      0.978692372639974,
      0.9803250730037689,
      0.9816511248548826,
      0.9832107946276665,
      0.9868994504213333,
      0.9901696890592575,
      0.9932736456394196,
      0.9959782809019089
    ],
    "bpp": [
      0.23441908094618058,
      0.2963358561197917,
      0.3528645833333333,
      0.4070485432942709,
      0.4608018663194445,
      0.5127054850260416,
      0.5674065483940972,
      0.6207394070095487,
      0.6746758355034722,
      0.7218170166015625,
      0.7708774142795137,
      0.8236745198567709,
      0.874026828342014,
      0.9342905680338544,
      0.9983876546223959,
      1.2163136800130208,
      1.52008056640625,
      2.0103539360894094,
      2.928478664822048
    ],
    "encoding_time": [
      0.051152706146240234,
      0.05222420891125997,
      0.05340921878814697,
      0.055824110905329384,
      0.05410688122113546,
      0.05244709054629008,
      0.05676838755607605,
      0.05700348814328512,
      0.05942930777867635,
      0.06179224451382955,
      0.059553454319636025,
      0.06156211098035177,
      0.05985055367151896,
      0.062238484621047974,
      0.06367602944374084,
      0.06686362624168396,
      0.07133030891418457,
      0.07415920495986938,
      0.08484016855557759
    ],
    "decoding_time": [
      0.006127476692199707,
      0.0069430867830912275,
      0.00670422116915385,
      0.007979283730189005,
      0.006944725910822551,
      0.006925960381825765,
      0.007447977860768636,
      0.007178674141565959,
      0.007431705792744954,
      0.007733235756556193,
      0.007981985807418823,
      0.008142411708831787,
      0.008548428614934286,
      0.009070942799250284,
      0.009924342234929403,
      0.00966063141822815,
      0.010303159554799398,
      0.012680272261301676,
      0.015047897895177206
    ]
  }
}
