{
  "name": "AV1",
  "description": "AV1",
  "results": {
    "psnr-rgb": [
      27.28581721765492,
      29.477288391627784,
      30.97455881541766,
      32.37473127302578,
      33.807184803102196,
      35.279309575897166,
      36.7472379287332,
      38.20698580894182,
      39.67072851343722,
      40.934375048924416,
      42.733545666355525,
      45.70302302759439
    ],
    "ms-ssim-rgb": [
      0.8792539496770065,
      0.9236775901210442,
      0.9446816986866211,
      0.9592061635483516,
      0.97000698293193,
      0.9780665006530419,
      0.9839018549811974,
      0.9881168037987826,
      0.9912862332349412,
      0.993378950973575,
      0.9956063433979334,
      0.9978723767098416
    ],
    "bpp": [
      0.03667651865756402,
      0.080477274046843,
      0.12499169876414977,
      0.17942245668603662,
      0.25192482541387456,
      0.3496108838795397,
      0.4751339249208977,
      0.6366626316581223,
      0.8333432029749394,
      1.0342520964278128,
      1.3669546082994812,
      2.021621979096222
    ],
    "encoding_time": [
      62.72327605927928,
      86.3967756354407,
      104.64701784594675,
      123.86479245678763,
      147.558701126763,
      179.46518242091275,
      215.65547969769895,
      174.3810743106885,
      195.38250844130354,
      212.41779289620646,
      234.7506994986802,
      253.11083255992847
    ],
    "decoding_time": [
      0.2258832347526979,
      0.256518969375096,
      0.28525347120306466,
      0.30883156851436316,
      0.32326985611004777,
      0.34604699959915675,
      0.3744976333018099,
      0.4324891553835922,
      0.4285120414883903,
      0.44380962714720307,
      0.47284768806414657,
      0.5111947153391463
    ]
  }
}