{
  "name": "BPG 8b 444 x265 ycbcr",
  "description": "BPG. BPG version b'0.9.8'",
  "results": {
    "psnr": [
      28.053181129563516,
      30.65916084741073,
      33.46769749768497,
      36.34140064435355,
      39.37799336718431,
      42.7502761793161,
      46.63876044221414,
      50.25052971419315
    ],
    "ms-ssim": [
      0.8982818561993288,
      0.9416193335913541,
      0.9681991760650378,
      0.9825655282213447,
      0.9906918222314856,
      0.9954830712816688,
      0.9981897248980705,
      0.9993020480268457
    ],
    "bpp": [
      0.0552148762847387,
      0.12838267860093602,
      0.26338124763410714,
      0.4868405566539702,
      0.8525617050735714,
      1.4550231946528185,
      2.365528916679981,
      3.49993315589986
    ],
    "encoding_time": [
      8.086145651474428,
      9.33187320527066,
      10.892584881086028,
      12.724915453557218,
      15.513091100735611,
      18.035373121165158,
      21.38859047246783,
      24.085296456733445
    ],
    "decoding_time": [
      1.0986532615811637,
      1.3140340507700201,
      1.4086352479591797,
      1.5494308096639227,
      1.6228232731979884,
      1.8258194735880648,
      1.949736293782009,
      2.1057162633102933
    ]
  }
}