{
  "name": "bmshj2018-hyperprior",
  "description": "Inference (ans)",
  "results": {
    "psnr": [
      27.451220435568736,
      29.098225070663453,
      30.5007148517627,
      31.805287809421994,
      32.9649971352872,
      34.1403711192084,
      35.4684937554008,
      37.06712481945974
    ],
    "ms-ssim": [
      0.9502513388569436,
      0.9655047293459431,
      0.9767957179064162,
      0.9841637728589304,
      0.9890765862518482,
      0.9924197561955184,
      0.9948828210321705,
      0.9965462055099145
    ],
    "bpp": [
      0.09790881612024904,
      0.14386981494098117,
      0.2071196846326148,
      0.2903956749790309,
      0.40103130808538673,
      0.54388508770623,
      0.7230252995374535,
      0.9675736777278843
    ],
    "encoding_time": [
      0.2105658215083433,
      0.210053075565381,
      0.21049864908282676,
      0.21148697713787637,
      0.21339456151040753,
      0.3614629105235753,
      0.37241654315691314,
      0.3677072337504183
    ],
    "decoding_time": [
      0.12196386664101247,
      0.12296620647559005,
      0.12425607375884323,
      0.1278256137719315,
      0.1311182707882999,
      0.2105572960349951,
      0.22064602375030518,
      0.22503304883335415
    ]
  }
}