{
  "name": "mbt2018",
  "description": "Inference (ans)",
  "results": {
    "psnr": [
      30.05846684063303,
      31.6207160527104,
      33.25274167383877,
      34.76386591693072,
      36.523723313297786,
      38.177748750278255,
      39.963238821362644,
      41.759818462626455
    ],
    "ms-ssim": [
      0.9387574336501989,
      0.9554913556307889,
      0.9696400858713,
      0.9783503105131428,
      0.9848557784316245,
      0.9894265100527345,
      0.9928427305114403,
      0.9953854315066606
    ],
    "bpp": [
      0.09060801406076716,
      0.1461246457858907,
      0.21682593889520443,
      0.31696155474842025,
      0.457604362113674,
      0.6325432463589704,
      0.8718075151034667,
      1.1995950974937606
    ],
    "encoding_time": [
      46.36540773209561,
      48.83872322286113,
      44.98101077588756,
      46.24399045076263,
      108.606379022759,
      113.46037889732403,
      107.56907527366381,
      107.26204607727823
    ],
    "decoding_time": [
      83.45154896211088,
      86.0075859822584,
      78.80935067541144,
      83.63289629609397,
      144.72887117273353,
      150.81956492515093,
      146.276632816604,
      143.59334369723717
    ]
  }
}