{
  "name": "bmshj2018-hyperprior",
  "description": "Inference (ans)",
  "results": {
    "psnr-rgb": [
      29.38960315499459,
      31.033407834178465,
      32.78120036722819,
      34.48186480439494,
      35.96872055856627,
      37.87453434305114,
      39.61460989986005,
      41.68399756487129
    ],
    "ms-ssim-rgb": [
      0.9361641199401255,
      0.9542259195547426,
      0.9674190420113252,
      0.977837394127685,
      0.984769682870822,
      0.9893062329024411,
      0.9926483095361945,
      0.9955709121200476
    ],
    "bpp": [
      0.1128588923862924,
      0.17040150272857507,
      0.2487533065349707,
      0.35645292786407545,
      0.4877366332553271,
      0.6810620588226269,
      0.9371421933337146,
      1.279101295122863
    ],
    "encoding_time": [
      0.21101577898089804,
      0.20916058106368848,
      0.2158296135034454,
      0.2149990488973896,
      0.21869310368312878,
      0.3628098616439305,
      0.3695188988460584,
      0.37166641803269973
    ],
    "decoding_time": [
      0.12355718585882294,
      0.12520390414120106,
      0.12954580248071906,
      0.1332534256945835,
      0.1549341758985198,
      0.21844007593862128,
      0.22584450378846588,
      0.23859829715128694
    ]
  }
}