{
  "name": "cheng2020-attn",
  "description": "Inference (ans)",
  "results": {
    "psnr-rgb": [
      28.44093661685159,
      29.821333053351236,
      31.08565779892616,
      32.49324111877502,
      33.41984159277793,
      34.66544457598787
    ],
    "ms-ssim-rgb": [
      0.9523976549003901,
      0.9677648159225335,
      0.9779092026560494,
      0.9854434795593947,
      0.9897570399086127,
      0.9928398031866952
    ],
    "bpp": [
      0.0782014972903033,
      0.11953121511532225,
      0.17417064819848907,
      0.25926819010508373,
      0.35717258349536884,
      0.49848666674071984
    ],
    "encoding_time": [
      21.033955529834447,
      20.73843936571914,
      21.465685646185715,
      21.01171758603514,
      21.008728662233676,
      21.162686586380005
    ],
    "decoding_time": [
      44.55892874685566,
      44.47411164674866,
      44.83495294511988,
      44.317686567145785,
      44.51365258720484,
      44.35951142364674
    ]
  }
}