{
  "name": "bmshj2018-hyperprior",
  "description": "Inference (ans)",
  "results": {
    "psnr-rgb": [
      27.451218754365037,
      29.09822330530529,
      30.500718617774243,
      31.805283079934313,
      32.964996395039805,
      34.14036568524634,
      35.46849478749432,
      37.067127284715724
    ],
    "ms-ssim-rgb": [
      0.9502514379747798,
      0.9655047845974397,
      0.9767957728230552,
      0.9841638163904126,
      0.9890766230861793,
      0.9924197796355473,
      0.9948828294036094,
      0.9965462071842022
    ],
    "bpp": [
      0.09790887509792529,
      0.14386980791798154,
      0.2071196846326148,
      0.2903955570236784,
      0.4010311376286741,
      0.5438852646392587,
      0.7230252995374535,
      0.9675737054473921
    ],
    "encoding_time": [
      5.889112377434634,
      5.913004548362132,
      5.894310529312391,
      5.933676398202275,
      5.939788843808549,
      11.515155861886699,
      11.77054098482882,
      11.694125198246388
    ],
    "decoding_time": [
      7.429603681135713,
      7.4946118566427335,
      7.471239487776596,
      7.505028072367893,
      7.470703921960981,
      13.348297626784678,
      13.576467915867152,
      13.480402752254786
    ]
  }
}