{
  "name": "cheng2020-attn",
  "description": "Inference (ans)",
  "results": {
    "psnr": [
      30.349101071420897,
      31.721968680493344,
      33.17354347477352,
      34.939597751628746,
      36.2449962913945,
      37.75249930400424
    ],
    "ms-ssim": [
      0.9408700757482079,
      0.9566890711195013,
      0.9696584859590852,
      0.9786994457244873,
      0.984414074862941,
      0.9890040751923336
    ],
    "bpp": [
      0.09664445691481245,
      0.1390339502945832,
      0.20232233603218444,
      0.3112443711237187,
      0.421859313314858,
      0.5711043880782499
    ],
    "encoding_time": [
      20.60734188824557,
      21.235134766342934,
      21.05295852462897,
      21.561091335971703,
      21.32670369308986,
      20.842973774738525
    ],
    "decoding_time": [
      44.16744955470053,
      45.848912602060295,
      45.40753122394005,
      45.588243449671886,
      44.73140726732404,
      45.151795625686646
    ]
  }
}