{
  "name": "mbt2018-mean",
  "description": "Inference (ans)",
  "results": {
    "psnr": [
      28.414240456954396,
      29.806419866370387,
      31.03290292291578,
      32.02330392218911,
      33.10755165934941,
      34.3904338363413,
      35.75438073387074,
      37.24378044299663
    ],
    "ms-ssim": [
      0.950098866492175,
      0.9672222261348468,
      0.9778443507933885,
      0.9844747466987438,
      0.9891836194509871,
      0.9928051929795341,
      0.9951589251502176,
      0.9967427786146656
    ],
    "bpp": [
      0.0882807032656091,
      0.13543457931923963,
      0.19896348127948404,
      0.2821308164847608,
      0.39290516211225934,
      0.5764085736906313,
      0.7410913725866175,
      0.9878956169454882
    ],
    "encoding_time": [
      0.2131314491957761,
      0.21396217721231867,
      0.21533088871602263,
      0.2179047137163998,
      0.37064393584647876,
      0.3581883840346604,
      0.37460289510448325,
      0.38091519843326527
    ],
    "decoding_time": [
      0.1239174845513333,
      0.12530734163991522,
      0.12742272655615647,
      0.13199721427446,
      0.21413983253950483,
      0.2117924623275071,
      0.22386827897489742,
      0.2330594692337379
    ]
  }
}