{
  "name": "cheng2020-attn",
  "description": "Inference (ans)",
  "results": {
    "psnr-rgb": [
      28.440543059548197,
      29.82162757416078,
      31.085738090580012,
      32.4932579536197,
      33.419783697991406,
      34.6652558962545
    ],
    "ms-ssim-rgb": [
      0.9523985513140646,
      0.9677623540497897,
      0.977908786093251,
      0.9854442038562861,
      0.9897580401281293,
      0.9928396384367782
    ],
    "bpp": [
      0.0782047663616972,
      0.11952966658787359,
      0.1741735171131791,
      0.2592665550045195,
      0.3571720714303773,
      0.49848435680295544
    ],
    "encoding_time": [
      37.580891619907334,
      36.63041127129887,
      35.763248919101244,
      67.863636606195,
      69.04985836114776,
      70.2910880265611
    ],
    "decoding_time": [
      72.10602216640216,
      69.76828601119223,
      69.57399198982154,
      113.52970636560676,
      115.73266867171513,
      113.48031982545102
    ]
  }
}