{
  "name": "cheng2020-anchor",
  "description": "Inference (ans)",
  "results": {
    "psnr-rgb": [
      30.454426178921125,
      31.852803172495467,
      33.14001766712759,
      34.929319937062154,
      36.391760417755435,
      37.8078525982745
    ],
    "ms-ssim-rgb": [
      0.9399666153313069,
      0.9570018508461084,
      0.9688877999112847,
      0.9779742028606072,
      0.9845725629436836,
      0.9890833691264806
    ],
    "bpp": [
      0.0994393204594304,
      0.14595487546883967,
      0.20476417860395177,
      0.30446307841817694,
      0.42154378933071834,
      0.572170795271508
    ],
    "encoding_time": [
      21.67775350072411,
      20.755849053350726,
      20.944994114757925,
      20.93049443437812,
      21.844601529367853,
      21.409190885136635
    ],
    "decoding_time": [
      47.51219867588429,
      44.824592929207874,
      45.68215500638726,
      44.763300436266356,
      47.11188396978914,
      45.64524196506886
    ]
  }
}