{
  "name": "mbt2018",
  "description": "Inference (ans)",
  "results": {
    "psnr-rgb": [
      28.622055518734328,
      30.02179377589827,
      31.256086345322725,
      32.28685960520879,
      33.23034221134438,
      34.4323748219338,
      35.70342650625882,
      37.097496142357585
    ],
    "ms-ssim-rgb": [
      0.9523031483875232,
      0.9680926953808645,
      0.9781756732570991,
      0.9844939906275674,
      0.9895731930652362,
      0.9929685890674591,
      0.9951526020350081,
      0.9967086281669274
    ],
    "bpp": [
      0.08152146829544486,
      0.1273820313572868,
      0.18753139831711388,
      0.2618178032034334,
      0.38010262019050695,
      0.5173880071889717,
      0.7089207574418677,
      0.9577831530858022
    ],
    "encoding_time": [
      43.19881289460686,
      46.13211790497383,
      45.171702474690555,
      47.33437287003807,
      105.91943309012424,
      104.85775945159827,
      111.85062911939085,
      104.7284960251176
    ],
    "decoding_time": [
      81.58325496416414,
      132.4512952298261,
      82.93862036908611,
      84.13291927134053,
      142.03714348894826,
      138.44616522547904,
      147.39979217695387,
      140.066036506985
    ]
  }
}