{
  "name": "mbt2018",
  "description": "Inference (ans)",
  "results": {
    "psnr": [
      28.62213611127559,
      30.021095866812587,
      31.256832500743503,
      32.28694624333576,
      33.22983673675322,
      34.43226091620871,
      35.70360445519832,
      37.09732412407019
    ],
    "ms-ssim": [
      0.9523044389285399,
      0.9680914373210306,
      0.9781772323538748,
      0.9844923360963885,
      0.989573363172874,
      0.9929684069049493,
      0.9951525153069014,
      0.9967085856400179
    ],
    "bpp": [
      0.08152252116936622,
      0.12738164337493774,
      0.18753938799785977,
      0.26181157030781993,
      0.38010689060358693,
      0.517381658249014,
      0.7089252452067957,
      0.9577935386753181
    ],
    "encoding_time": [
      21.640117520696663,
      21.809429545081063,
      22.005865316712455,
      20.97534325015679,
      21.732961084065813,
      21.76928125338608,
      21.592338673184425,
      21.509880956639066
    ],
    "decoding_time": [
      46.696709636891825,
      46.74374741382813,
      47.2304992354318,
      45.085320468698995,
      45.44159805640746,
      46.2727361663004,
      45.22310109754627,
      45.69932294963451
    ]
  }
}