{
  "name": "bmshj2018-hyperprior",
  "description": "Inference (ans)",
  "results": {
    "psnr": [
      29.389600321074095,
      31.033407063404564,
      32.781202130654485,
      34.4818627026431,
      35.968717856058106,
      37.87453403971439,
      39.61460897464039,
      41.68400118086727
    ],
    "ms-ssim": [
      0.9361641879162091,
      0.9542259396461958,
      0.967419097932537,
      0.977837424264865,
      0.9847697243931588,
      0.9893062513196067,
      0.9926483313019356,
      0.9955709312069282
    ],
    "bpp": [
      0.11285901034164489,
      0.17040167966160377,
      0.24875324212703567,
      0.35645294065569616,
      0.4877361872618268,
      0.6810624776253285,
      0.9371423129813923,
      1.2791010214776735
    ],
    "encoding_time": [
      5.786023113165009,
      5.815804989150401,
      5.846021432555124,
      5.882062824924341,
      5.882301677478833,
      11.760336117798023,
      11.658456247844054,
      11.757902136009731
    ],
    "decoding_time": [
      7.331563756707009,
      7.345128489344307,
      7.36813662159309,
      7.4111859142110585,
      7.44550475645601,
      13.608881015456125,
      13.526019562496229,
      13.583179299751025
    ]
  }
}