{
  "name": "bmshj2018-factorized",
  "description": "Inference (ans)",
  "results": {
    "psnr": [
      28.763051151594247,
      30.21707503787061,
      31.665936267214125,
      33.30680586099771,
      34.881184777333274,
      36.94141732750939,
      38.81483083363199,
      40.974191568870445
    ],
    "ms-ssim": [
      0.9302877666575186,
      0.9504163924897655,
      0.9649530187081755,
      0.9758628171481444,
      0.9834524393081665,
      0.9887966871931312,
      0.992613273725081,
      0.9954192393951202
    ],
    "bpp": [
      0.11460563452931156,
      0.17061773947087153,
      0.2531158772035982,
      0.37383241154677593,
      0.536100546451746,
      0.7822436377715,
      1.0970717527786853,
      1.5139152692469693
    ],
    "encoding_time": [
      0.185629208436173,
      0.18901638234599252,
      0.19036318612902353,
      0.18848472096946803,
      0.18640512161040573,
      0.3548829086710898,
      0.3589306761709492,
      0.36714882797069764
    ],
    "decoding_time": [
      0.10523727234829677,
      0.11416910069712093,
      0.11485272043206718,
      0.1163551298420081,
      0.116841770289989,
      0.2290425662244304,
      0.23786721068821595,
      0.2565495887499177
    ]
  }
}