{
  "name": "mbt2018-mean",
  "description": "Inference (ans)",
  "results": {
    "psnr": [
      29.71247776145773,
      31.340405163090914,
      32.982859046762016,
      34.60678426186303,
      36.37548229504277,
      38.07095872961708,
      39.88396803870713,
      41.72700730998063
    ],
    "ms-ssim": [
      0.9368013987380467,
      0.9553547695781408,
      0.9684069156646729,
      0.9781751441821623,
      0.9847076695956541,
      0.9894818362225307,
      0.9930695774180166,
      0.9953925020239326
    ],
    "bpp": [
      0.10275713378851696,
      0.1576771591662524,
      0.2352417050945639,
      0.3397858282644231,
      0.48803938052143686,
      0.6599125024493793,
      0.9055206785575571,
      1.2250694084076905
    ],
    "encoding_time": [
      6.160796168145169,
      6.192603276017007,
      6.217759260970555,
      6.203770208894537,
      12.607806213786093,
      12.61883081479019,
      12.475756763072496,
      12.740934157639407
    ],
    "decoding_time": [
      7.697736870037036,
      7.7353704029254695,
      7.733737776788433,
      7.7449213132429655,
      14.45271616705348,
      14.407725233710215,
      14.327682157580773,
      14.504019517577097
    ]
  }
}