{
  "name": "bmshj2018-factorized",
  "description": "Inference (ans)",
  "results": {
    "psnr-rgb": [
      28.763053478822165,
      30.217074461067362,
      31.665935518544163,
      33.30681086744759,
      34.88118629644523,
      36.94142120686089,
      38.81483276525612,
      40.97418933743832
    ],
    "ms-ssim-rgb": [
      0.9302879642234759,
      0.9504164443926865,
      0.9649530773082476,
      0.9758628908168064,
      0.9834524855185091,
      0.9887966969040003,
      0.9926132891285285,
      0.9954192470968439
    ],
    "bpp": [
      0.11460581146234032,
      0.17061773947087153,
      0.2531160228784585,
      0.3738325295021284,
      0.536100546451746,
      0.7822432909284421,
      1.097071870734038,
      1.5139153903182772
    ],
    "encoding_time": [
      5.3061160184024425,
      5.303104814518703,
      5.147063211108861,
      5.24702817938301,
      5.31632314103373,
      9.939067127999294,
      10.15886500712191,
      10.18749157766278
    ],
    "decoding_time": [
      7.00531164447913,
      6.9903646091396885,
      6.816859548011522,
      6.936833245030949,
      6.984022546350286,
      12.025362044237973,
      12.278760564461184,
      12.265302119630107
    ]
  }
}