{
  "name": "cheng2020-anchor",
  "description": "Inference (ans)",
  "results": {
    "psnr-rgb": [
      28.708618006075156,
      29.91150608811786,
      31.270796982663505,
      32.38020285451184,
      33.47496904249049,
      34.57794244969574
    ],
    "ms-ssim-rgb": [
      0.9555005139849159,
      0.9691491585769011,
      0.9791686531533016,
      0.9853082443221232,
      0.98986825581347,
      0.9931716654407844
    ],
    "bpp": [
      0.08283851518483262,
      0.1227150204051243,
      0.18188307215604385,
      0.25715515034393444,
      0.37264194346450263,
      0.4964179304250598
    ],
    "encoding_time": [
      35.95227405998144,
      36.318611001700496,
      36.45999405223332,
      36.00640594423487,
      72.41600173109033,
      74.45698301176007
    ],
    "decoding_time": [
      72.67681151293637,
      74.35540253258823,
      73.36471772059966,
      74.1769349494677,
      120.20243118586166,
      121.32899726374765
    ]
  }
}