{
  "name": "cheng2020-attn",
  "description": "Inference (ans)",
  "results": {
    "psnr-rgb": [
      30.3491432580959,
      31.72192108800596,
      33.17381490488953,
      34.93900733676345,
      36.24514408493813,
      37.752417599618056
    ],
    "ms-ssim-rgb": [
      0.940864698605591,
      0.9566884871279255,
      0.969656893376554,
      0.978699327854628,
      0.9844133529100525,
      0.9890035819471552
    ],
    "bpp": [
      0.09664317252574835,
      0.13903643046883385,
      0.2023182985397278,
      0.3112404572834705,
      0.421871532008065,
      0.5711090094525553
    ],
    "encoding_time": [
      36.523798602350645,
      36.78136791539996,
      35.0226909257053,
      66.67895653810393,
      68.31249032797439,
      69.4660731714763
    ],
    "decoding_time": [
      69.64301336079501,
      70.24122405052185,
      68.89540642432952,
      110.45311212807559,
      112.81695065471564,
      112.1482340351919
    ]
  }
}