{
  "name": "bmshj2018-factorized",
  "description": "Inference (ans)",
  "results": {
    "psnr": [
      27.90564379347825,
      29.216474797237787,
      30.402358630033756,
      31.59442730402518,
      32.7075467259595,
      33.757874188009616,
      34.866877562951714,
      36.23827008590993
    ],
    "ms-ssim": [
      0.946708781330773,
      0.9624839354766889,
      0.9734846383668063,
      0.9821983890587025,
      0.9879144128788723,
      0.991755034816399,
      0.9943468818503819,
      0.9961557559083017
    ],
    "bpp": [
      0.11038163423248479,
      0.15938252399937175,
      0.22775437685619532,
      0.31921660247571704,
      0.4428791271451508,
      0.5962169411879478,
      0.7902532524063621,
      1.0435707579809972
    ],
    "encoding_time": [
      0.18254804879092099,
      0.18794309423210914,
      0.18732061412897003,
      0.18818899888670845,
      0.1841598655400651,
      0.3480087947309687,
      0.352328110276983,
      0.3503119530302755
    ],
    "decoding_time": [
      0.10616894384448448,
      0.10910003506735469,
      0.11009193538280015,
      0.11417585812257917,
      0.11454179313745391,
      0.21716678142547607,
      0.224288034974859,
      0.23343132720904403
    ]
  }
}