{
  "name": "mbt2018-mean",
  "description": "Inference (ans)",
  "results": {
    "psnr": [
      28.41421274299847,
      29.806419297879888,
      31.032901681450326,
      32.02330497237133,
      33.107554472872394,
      34.39043426340132,
      35.75438088818467,
      37.2437873107359
    ],
    "ms-ssim": [
      0.950098967284299,
      0.9672223513715723,
      0.9778444284803411,
      0.9844747935788015,
      0.9891836455698764,
      0.992805195993252,
      0.9951589331867989,
      0.9967427906695376
    ],
    "bpp": [
      0.08828076224328535,
      0.13543452034156336,
      0.19896384216854113,
      0.28213081648476085,
      0.39290476684907866,
      0.5764081018692214,
      0.7410916927741992,
      0.9878951763822466
    ],
    "encoding_time": [
      6.1666671372531505,
      6.179963794986853,
      6.1742717496464765,
      6.279021481449685,
      12.478259583537499,
      12.296107778388462,
      12.535195193933637,
      12.597132647975107
    ],
    "decoding_time": [
      7.702342417802703,
      7.697542986173309,
      7.714491303047438,
      7.840251693564855,
      14.263450938664125,
      14.075462735101079,
      14.295300608270624,
      14.385978236627043
    ]
  }
}