{
  "name": "cheng2020-anchor",
  "description": "Inference (ans)",
  "results": {
    "psnr-rgb": [
      30.454407987777977,
      31.852583908585252,
      33.1398124159188,
      34.92821763029574,
      36.39203283646604,
      37.80932246326897
    ],
    "ms-ssim-rgb": [
      0.9399647508444411,
      0.9569993561573242,
      0.9688901519507505,
      0.9779711037539365,
      0.9845725395036548,
      0.9890842501367076
    ],
    "bpp": [
      0.0994345311816803,
      0.14595078513425744,
      0.20475542396855584,
      0.30446223998605504,
      0.4215529750018138,
      0.57217531414336
    ],
    "encoding_time": [
      37.025694142566635,
      36.37055679251639,
      36.41808389947656,
      71.79031320636192,
      74.52031061756477,
      71.15804877843749
    ],
    "decoding_time": [
      75.6050319323379,
      72.60602579625805,
      75.82387166210775,
      117.44231428189224,
      122.20397643292888,
      118.70678142483315
    ]
  }
}