{
  "name": "mbt2018",
  "description": "Inference (ans)",
  "results": {
    "psnr-rgb": [
      30.058305463443432,
      31.62070355743856,
      33.252761550114805,
      34.76390847466408,
      36.52392042320616,
      38.177610114295206,
      39.96350394677078,
      41.75978516652963
    ],
    "ms-ssim-rgb": [
      0.9387609807962782,
      0.955492420812671,
      0.9696391275089778,
      0.9783493106284838,
      0.9848550702078959,
      0.9894269604361459,
      0.9928430553232686,
      0.9953855038358924
    ],
    "bpp": [
      0.09060385732961959,
      0.14612167186673652,
      0.2168257045835884,
      0.31696787520621783,
      0.4575983423986555,
      0.6325319099347952,
      0.8718156547726935,
      1.1996022820250656
    ],
    "encoding_time": [
      21.654679339923216,
      21.019363987311888,
      21.679216067442734,
      21.11347038692303,
      21.519116415066666,
      21.686717377619797,
      21.786506910002633,
      21.743508099170214
    ],
    "decoding_time": [
      47.12724811709329,
      44.811056700985084,
      47.21878630391667,
      44.86667270071051,
      45.4335377122579,
      46.084820646918224,
      45.832846309361834,
      46.56565590788809
    ]
  }
}