{
  "name": "bmshj2018-factorized",
  "description": "Inference (ans)",
  "results": {
    "psnr": [
      27.905657093627703,
      29.216473892253703,
      30.40236405798065,
      31.594424173732392,
      32.707543370781075,
      33.75788520991734,
      34.86687910009465,
      36.23826900571986
    ],
    "ms-ssim": [
      0.9467087953947904,
      0.962484055020836,
      0.9734846976365936,
      0.9821984369433328,
      0.9879144473692004,
      0.9917550569169977,
      0.9943468952446841,
      0.9961557575825895
    ],
    "bpp": [
      0.11038148259865661,
      0.15938258893601584,
      0.22775443583387156,
      0.31921642554268836,
      0.4428792275199503,
      0.5962166680601066,
      0.7902529238395054,
      1.0435709938917022
    ],
    "encoding_time": [
      5.363387062308494,
      5.298301169041837,
      5.262638955973507,
      5.372475156623326,
      5.337538336100203,
      10.775785116667159,
      10.722639919666761,
      10.677715072471104
    ],
    "decoding_time": [
      7.013154545526826,
      6.9566118797559415,
      6.936794702926378,
      7.081339258826181,
      7.020648727256261,
      12.902902663423774,
      12.80949378549383,
      12.791970234238699
    ]
  }
}