{
  "name": "HM",
  "description": "HM",
  "results": {
    "psnr-rgb": [
      27.214234499854346,
      29.69129326614136,
      32.36768554361993,
      35.134236524408706,
      38.00250998517948,
      41.102820458482036,
      44.49279647300799,
      48.03045215292623
    ],
    "ms-ssim-rgb": [
      0.8794695758417751,
      0.928638435816497,
      0.9599560566162795,
      0.9777734581004368,
      0.9876466956031457,
      0.9935103996416156,
      0.9969816790537888,
      0.9987807916791251
    ],
    "bpp": [
      0.03987841282151601,
      0.09543167484922649,
      0.20144510596076257,
      0.37904033751712557,
      0.6694125629390341,
      1.1489351001950459,
      1.9061772888238284,
      2.911621844721377
    ],
    "encoding_time": [
      17.56139685330766,
      18.600728590836685,
      20.011446394277424,
      21.87910070044271,
      24.399956024094912,
      27.54343942310033,
      31.62106076251255,
      35.40146634417973
    ],
    "decoding_time": [
      0.2856315320797181,
      0.3161498937713966,
      0.37147290787000337,
      0.42974473251385636,
      0.4748155360811212,
      0.5353805081228192,
      0.6149288121234165,
      0.6739041430226872
    ]
  }
}