{
  "name": "JPEG",
  "description": "JPEG. Pillow version 7.1.2",
  "results": {
    "psnr-rgb": [
      24.829129574294058,
      28.16932190135241,
      29.872370550781575,
      30.98131152793352,
      31.795135438534167,
      32.459366395527255,
      33.04831418179056,
      33.468993555718455,
      33.87731030394042,
      34.24462427350731,
      34.584528310081595,
      34.97201363887594,
      35.43506069490716,
      36.02088281094287,
      36.61929406540925,
      37.455349173444326,
      38.518111644991265,
      40.05530791876195,
      42.80674846097844
    ],
    "ms-ssim-rgb": [
      0.8360096169321725,
      0.9092781841754913,
      0.9388017892167809,
      0.9540037003795753,
      0.9630271072468061,
      0.9691272454985073,
      0.9737823421365759,
      0.9765884789188256,
      0.9790645536412014,
      0.9811883850044079,
      0.9828149827008836,
      0.9843074002962434,
      0.9861185781741411,
      0.9879601972826412,
      0.9896300585752122,
      0.9915012218309253,
      0.9933126022976436,
      0.9951479803310351,
      0.9971824114242297
    ],
    "bpp": [
      0.19517429469815448,
      0.2761727491687808,
      0.3482044763818853,
      0.4118207934408651,
      0.47177352104425646,
      0.5270125471365703,
      0.5808109455036488,
      0.6254398036827559,
      0.6765005944844266,
      0.7213943779090976,
      0.768128178143033,
      0.8270885785563025,
      0.9017234945058379,
      0.9937966774982077,
      1.0994496951265451,
      1.2669937671175195,
      1.5060327740088215,
      1.9254872476229443,
      2.8441109868647962
    ],
    "encoding_time": [
      0.08038664533850852,
      0.08272509494524323,
      0.0843524182780405,
      0.08595393748765581,
      0.08680669645245155,
      0.08842609571606926,
      0.09005455086740215,
      0.09176592478591404,
      0.09309252192465108,
      0.09199401635802194,
      0.09387524878041129,
      0.09675973854707869,
      0.10124792275803812,
      0.10242578286803171,
      0.10154873601506266,
      0.10361194744538725,
      0.11023998930213157,
      0.10700582118516558,
      0.12423076120655188
    ],
    "decoding_time": [
      0.04004695844114496,
      0.040845680772588495,
      0.043967532307914135,
      0.04221355513240514,
      0.04454347792636143,
      0.046570512685882914,
      0.044864870189280995,
      0.04437633578696947,
      0.04635625608851401,
      0.04559207498357537,
      0.04675537012936024,
      0.04769916212960575,
      0.05472238010235047,
      0.052111175622832906,
      0.04991476321488284,
      0.051439183481623615,
      0.05522845300395837,
      0.0509880982088239,
      0.05691556448347113
    ]
  }
}