{
  "name": "JPEG2000",
  "description": "JPEG2000. ffmpeg version 3.4.6-0ubuntu0.18.04.1",
  "results": {
    "psnr-rgb": [
      42.63555336900786,
      38.68074891016877,
      36.66626453616962,
      35.33074519270539,
      34.35203842819278,
      33.58356680948922,
      32.95996968248507,
      32.43373858774435,
      31.98323935273193,
      31.593091595673982,
      31.24604603504616,
      30.9321253864266,
      30.65267536169373,
      30.399336390423716,
      30.16670276681711,
      29.956331559855744,
      29.7577203612563,
      29.573910823580178,
      29.404204377198017
    ],
    "ms-ssim-rgb": [
      0.9946310674206594,
      0.9872273668814241,
      0.9808111847116706,
      0.9745572631278735,
      0.969073691060034,
      0.9640677079056086,
      0.9594293189852425,
      0.9549401355593392,
      0.9507747111695536,
      0.9466953786571374,
      0.9428785028082601,
      0.9393737875343708,
      0.9359805878628505,
      0.9327672063634637,
      0.9296797323092986,
      0.9265864461325528,
      0.9237626107890954,
      0.9210219108656551,
      0.9183880817354395
    ],
    "bpp": [
      2.3995184273560617,
      1.1996085261860046,
      0.7996573754947229,
      0.5997147406829315,
      0.4797604760551179,
      0.3997758112442496,
      0.3426238264684759,
      0.2997940469192688,
      0.2664460066723323,
      0.23978068645319348,
      0.2179743463165982,
      0.19982929206065397,
      0.18442606120949295,
      0.1712270281723386,
      0.159796752326291,
      0.14982130327740836,
      0.14102097295011598,
      0.13315907632319468,
      0.1261469940162054
    ],
    "encoding_time": [
      2.1248031559954867,
      2.1753455681747265,
      2.127953613742014,
      2.129420855072107,
      2.1562447534518294,
      2.0969010015551963,
      2.157770294821664,
      2.248976281519686,
      2.1941063363900346,
      2.1660090925988187,
      2.1517895594071805,
      2.1987142710203536,
      2.1636226351341503,
      2.2545257699623535,
      2.155673104725527,
      2.079232907027341,
      2.118221879005432,
      1.9102680750107497,
      1.9998765902572804
    ],
    "decoding_time": [
      2.74125063151456,
      2.351543079601245,
      2.1555750731671792,
      2.0074357879295777,
      1.9621737298001065,
      1.9716770247127233,
      1.9840546431166401,
      1.966286593608642,
      1.9251817357674073,
      1.8856504231356503,
      1.9157559576998935,
      1.9069354989555445,
      1.8824249077379034,
      1.9500247454375363,
      1.8756522234905972,
      1.8375180839152818,
      1.7935323420535312,
      1.6418959665834234,
      1.6652141112959786
    ]
  }
}