{
  "name": "WebP",
  "description": "WebP. Pillow version 7.1.2",
  "results": {
    "psnr": [
      30.077183412780165,
      30.91414408547907,
      31.576680501124624,
      32.14216476283763,
      32.64397761437271,
      33.14329195390464,
      33.621085343700706,
      34.085403078105664,
      34.52312274017331,
      34.85916491501161,
      35.19941501005377,
      35.52696358704005,
      35.859121820701,
      36.21494057066872,
      36.579030045496445,
      37.777822164531614,
      39.115192471584216,
      41.04942405688417,
      43.75407344910925
    ],
    "ms-ssim": [
      0.9398373398887977,
      0.9504317778549837,
      0.9575357641396898,
      0.962781352943249,
      0.9667340845204471,
      0.9700954854488373,
      0.9727417521932152,
      0.9749739735983731,
      0.9769312083051446,
      0.9785737221160632,
      0.9800825484013289,
      0.9814094549484467,
      0.9827041602536534,
      0.9839263139815813,
      0.9850351291426113,
      0.9881947519404165,
      0.990906990311119,
      0.9939354544275263,
      0.9966130795773496
    ],
    "bpp": [
      0.18547634654980838,
      0.22950922787345363,
      0.2693361705396908,
      0.3068239840384045,
      0.3438760761602297,
      0.3809055753915328,
      0.4194597166245503,
      0.45745959582790147,
      0.4962991525737221,
      0.5304001945236839,
      0.5654988887619323,
      0.6023292905891096,
      0.6415854921279437,
      0.68621276875932,
      0.7335396785634739,
      0.9083075178737355,
      1.1472900036160376,
      1.5688601756624159,
      2.368281499765366
    ],
    "encoding_time": [
      0.34399654088395365,
      0.36422681942414703,
      0.36557238155536437,
      0.3757431989305475,
      0.38016923357931415,
      0.3680221498682258,
      0.3780761341030678,
      0.3857918053530575,
      0.3899150403697839,
      0.40179625387941853,
      0.40778411506267076,
      0.4045987986446766,
      0.41313265950492256,
      0.41725833898179987,
      0.4139160788461064,
      0.4281837016009213,
      0.4504750551802389,
      0.4955092936419369,
      0.5541291102934419
    ],
    "decoding_time": [
      0.04333256737569745,
      0.05147207988781875,
      0.05082854795991705,
      0.05197738395648056,
      0.05416324701202049,
      0.056957826185762214,
      0.0557523537217901,
      0.05380522802974401,
      0.05701543775837073,
      0.059287308307176226,
      0.06505751074030158,
      0.06390940473320779,
      0.05427253648136439,
      0.06124865205100413,
      0.06650714793901764,
      0.0647360287355573,
      0.07016995381773188,
      0.08601939678192139,
      0.10877524734882826
    ]
  }
}
