{
  "name": "AV1",
  "description": "AV1",
  "results": {
    "psnr-rgb": [
      28.69265363481501,
      30.831509259927817,
      32.234504906030836,
      33.517293144396184,
      34.81766761067887,
      36.14410448857565,
      37.46712686318646,
      38.78490067832884,
      40.09405142055513,
      41.21239582626289,
      42.79820185682282,
      45.37312818718536
    ],
    "ms-ssim-rgb": [
      0.9016725084781647,
      0.9357567777633667,
      0.951782383441925,
      0.9630045528411866,
      0.971669890165329,
      0.9784783086776734,
      0.9838376796245575,
      0.9879108552932739,
      0.9909743006229401,
      0.9930064470767975,
      0.9951472082138062,
      0.9973528940677643
    ],
    "bpp": [
      0.029827522844212518,
      0.06280159654613801,
      0.09632600588830496,
      0.13777372176502709,
      0.19441468037348453,
      0.27390678134973745,
      0.38222440709370287,
      0.5284156155070682,
      0.713116653548656,
      0.9056376088019518,
      1.2292954290183165,
      1.8775093371043547
    ],
    "encoding_time": [
      135.34248215579987,
      175.06058299922944,
      205.36499217414857,
      240.40132352256774,
      283.5357575120926,
      342.4907195587158,
      409.6339531917572,
      353.8250999212265,
      404.50870165252684,
      443.24313542461397,
      485.0672691907883,
      511.1680965642929
    ],
    "decoding_time": [
      0.2808531160354614,
      0.3165442905426025,
      0.34480191898345947,
      0.3635991086959839,
      0.40247818565368654,
      0.42962592697143553,
      0.44973748779296874,
      0.5033791027069092,
      0.5411150732040405,
      0.5692710790634156,
      0.6081148319244385,
      0.6694326820373535
    ]
  }
}