{
  "name": "mbt2018",
  "description": "Inference (ans)",
  "results": {
    "psnr-rgb": [
      30.089763771525888,
      31.441781684350815,
      32.595305025152165,
      33.643100988375785,
      34.50041414472013,
      35.69848246117491,
      36.821387530332366,
      38.09881235693699
    ],
    "ms-ssim-rgb": [
      0.9582914431095123,
      0.9704137189388276,
      0.9786961970329284,
      0.9842012486457825,
      0.9885687184333801,
      0.9918789026737214,
      0.9940587618350982,
      0.9957508447170258
    ],
    "bpp": [
      0.06369992530011916,
      0.09881969720380744,
      0.14738483832914356,
      0.2096223906397385,
      0.31142941837940497,
      0.42943383794929574,
      0.6077366475167731,
      0.8449507690403303
    ],
    "encoding_time": [
      41.05025362873077,
      40.72882026386261,
      42.27298498916626,
      39.67553610515594,
      112.71220200443268,
      99.93638154315948,
      102.742688996315,
      101.85650184249877
    ],
    "decoding_time": [
      74.24359247207641,
      72.90445133113862,
      75.81867037582397,
      72.45472752952575,
      144.99977128028868,
      134.6939069700241,
      136.0571144580841,
      131.98147765350342
    ]
  }
}