{
  "name": "mbt2018-mean",
  "description": "Inference (ans)",
  "results": {
    "psnr": [
      31.13365676069095,
      32.60408445331112,
      34.09203682275116,
      35.5398371506447,
      37.099059443416465,
      38.649987622312736,
      40.31133741179138,
      41.852082038714684
    ],
    "ms-ssim": [
      0.9465266456604003,
      0.9604464054107666,
      0.9705660827159882,
      0.9788219683170318,
      0.9847542731761932,
      0.9893023769855499,
      0.9928457067012787,
      0.9950825223922729
    ],
    "bpp": [
      0.07868890336065411,
      0.11787703922039068,
      0.175864853705568,
      0.25821269673697167,
      0.38376770325523996,
      0.5403889535148002,
      0.7696996178369119,
      1.0600862390499814
    ],
    "encoding_time": [
      5.4030131311416625,
      5.388297965049744,
      5.462877559661865,
      5.386192185401916,
      11.138862842559815,
      11.11558778476715,
      10.950054145812988,
      10.897930769920348
    ],
    "decoding_time": [
      6.815616070747375,
      6.786164739608765,
      6.894083045005798,
      6.839028820991516,
      12.811504277229309,
      12.784036735534668,
      12.570844922065735,
      12.57929737663269
    ]
  }
}