{
  "name": "bmshj2018-hyperprior",
  "description": "Inference (ans)",
  "results": {
    "psnr-rgb": [
      28.791553203167204,
      30.424738844867367,
      31.814333818476523,
      33.10965541773745,
      34.21380190828478,
      35.387867656997905,
      36.634328927248625,
      38.08020300056315
    ],
    "ms-ssim-rgb": [
      0.9568197586536408,
      0.9686752099990845,
      0.9777486758232117,
      0.9840790460109711,
      0.9883821442127227,
      0.9914065678119659,
      0.993844173669815,
      0.9957345662117004
    ],
    "bpp": [
      0.08092933036992203,
      0.11719288857492413,
      0.16922861512582288,
      0.24014111028736262,
      0.33479660138370365,
      0.4611507383672031,
      0.6275014035934595,
      0.8688162699906985
    ],
    "encoding_time": [
      0.18633910846710205,
      0.1815865774154663,
      0.181325496673584,
      0.18697413444519043,
      0.18760418224334716,
      0.32172364044189455,
      0.3174314212799072,
      0.3272850103378296
    ],
    "decoding_time": [
      0.11098940563201905,
      0.10712017631530761,
      0.10786315345764161,
      0.11304314136505127,
      0.11696522045135498,
      0.1871419916152954,
      0.18794270801544188,
      0.20054757404327392
    ]
  }
}