{
  "name": "mbt2018-mean",
  "description": "Inference (ans)",
  "results": {
    "psnr-rgb": [
      31.133667685696377,
      32.60407449267532,
      34.09202529588382,
      35.53984836158189,
      37.099054371791354,
      38.64998344407832,
      40.31133182160538,
      41.852076868094464
    ],
    "ms-ssim-rgb": [
      0.9465265464782715,
      0.960446337223053,
      0.9705660085678101,
      0.9788219513893127,
      0.9847541983127595,
      0.989302357673645,
      0.9928456993103028,
      0.9950824885368347
    ],
    "bpp": [
      0.07868883751353674,
      0.11787667326587334,
      0.17586488671559614,
      0.25821313207075824,
      0.3837674810340524,
      0.5403881111345659,
      0.7696999065334729,
      1.0600860694340741
    ],
    "encoding_time": [
      0.18966764640808106,
      0.18756428813934325,
      0.19497398376464845,
      0.19169462776184082,
      0.3308635129928589,
      0.3284514627456665,
      0.3320132360458374,
      0.337246488571167
    ],
    "decoding_time": [
      0.1102318754196167,
      0.11010270404815674,
      0.11622990798950196,
      0.11722123050689698,
      0.19432675743103028,
      0.19739388942718505,
      0.20270129585266114,
      0.2148886079788208
    ]
  }
}