{
  "name": "cheng2020-attn",
  "description": "Inference (ans)",
  "results": {
    "psnr-rgb": [
      29.924276043187785,
      31.20963985359798,
      32.49483580821654,
      33.8532248828621,
      34.77230477573768,
      35.89714051457505
    ],
    "ms-ssim-rgb": [
      0.9579550745487213,
      0.9695629532337189,
      0.9783008012771607,
      0.9853476421833038,
      0.9891304953098297,
      0.9918721761703492
    ],
    "bpp": [
      0.06088170989241543,
      0.09212171387000959,
      0.1363608527798497,
      0.20936264523743153,
      0.29217409097980135,
      0.4129331959967591
    ],
    "encoding_time": [
      19.4013210811615,
      19.08847033214569,
      19.48016240501404,
      19.712770031929015,
      19.5769230260849,
      19.736862726211548
    ],
    "decoding_time": [
      41.8164294424057,
      41.291855116844175,
      41.72591713619232,
      41.49684806728363,
      41.473833650588986,
      41.51133936500549
    ]
  }
}