{
  "name": "bmshj2018-factorized",
  "description": "Inference (ans)",
  "results": {
    "psnr": [
      30.346130791471722,
      31.757419257951046,
      33.1079610455742,
      34.580155985539555,
      35.97573701418801,
      37.73943435229086,
      39.345451856091934,
      41.19799011121601
    ],
    "ms-ssim": [
      0.9436275279521942,
      0.9578829710483551,
      0.9687069411277771,
      0.9772215988636017,
      0.9836585171222687,
      0.9885533835887909,
      0.992249536037445,
      0.994909294128418
    ],
    "bpp": [
      0.10134687480020133,
      0.14778930109627345,
      0.21534583740411353,
      0.3149649005661885,
      0.45399784636093227,
      0.6732614191019545,
      0.9712545656696584,
      1.3761335822796938
    ],
    "encoding_time": [
      4.696150950431823,
      4.7170832109451295,
      4.575215920448303,
      4.709885010719299,
      4.707372143745422,
      9.05923637008667,
      9.130434467315673,
      8.56956122493744
    ],
    "decoding_time": [
      6.242096820831299,
      6.286550065040588,
      6.128396215438843,
      6.221546727180481,
      6.268763331413269,
      10.970276280403137,
      11.0655739402771,
      10.502538758277893
    ]
  }
}