{
  "name": "bmshj2018-factorized",
  "description": "Inference (ans)",
  "results": {
    "psnr-rgb": [
      30.34612732957751,
      31.757422030218077,
      33.10796264940447,
      34.580158604548544,
      35.975737597091175,
      37.73943618700234,
      39.34544963587271,
      41.1979911661421
    ],
    "ms-ssim-rgb": [
      0.9436274325847626,
      0.9578829364776611,
      0.9687069239616394,
      0.9772215921878815,
      0.9836584692001342,
      0.9885533416271209,
      0.9922495129108428,
      0.994909282207489
    ],
    "bpp": [
      0.10134691659286418,
      0.14778938757392343,
      0.21534579767753173,
      0.3149649358683788,
      0.45399784442681945,
      0.6732613512868258,
      0.9712548443624406,
      1.376133884178427
    ],
    "encoding_time": [
      0.15581978034973146,
      0.16273884677886963,
      0.1623200054168701,
      0.1597346019744873,
      0.16496611213684081,
      0.31889875984191896,
      0.30524715423583987,
      0.30950244140625
    ],
    "decoding_time": [
      0.09168703651428223,
      0.09604816436767578,
      0.0969489974975586,
      0.09841288566589355,
      0.10508813858032226,
      0.1997974328994751,
      0.20198518085479736,
      0.21962269973754883
    ]
  }
}