{
  "name": "bmshj2018-hyperprior",
  "description": "Inference (ans)",
  "results": {
    "psnr": [
      28.79155757328765,
      30.424734931173642,
      31.814326224270967,
      33.10965229371338,
      34.213803590286446,
      35.38786625241995,
      36.63433029175344,
      38.0802025645205
    ],
    "ms-ssim": [
      0.9568198449611663,
      0.9686752886772155,
      0.9777487518787384,
      0.9840791184902191,
      0.9883821797370911,
      0.9914066061973572,
      0.9938441956043244,
      0.9957345809936523
    ],
    "bpp": [
      0.08092933036992203,
      0.11719293436246991,
      0.16922861536065614,
      0.2401411650188684,
      0.33479661137580913,
      0.46115105539001017,
      0.6275016829171495,
      0.8688163719201917
    ],
    "encoding_time": [
      5.084850775718689,
      5.065844680786133,
      5.15870382976532,
      5.12696116733551,
      5.145981848716736,
      10.187999968528748,
      10.315923328399657,
      10.289897315979005
    ],
    "decoding_time": [
      6.513426986694336,
      6.479937768936157,
      6.589867651939392,
      6.549404779434204,
      6.608122572898865,
      11.840547139167786,
      12.018028802871704,
      11.980111731529236
    ]
  }
}