{
  "name": "bmshj2018-hyperprior",
  "description": "Inference (ans)",
  "results": {
    "psnr-rgb": [
      30.67993563377237,
      32.245115909489755,
      33.81038887240564,
      35.41322480932127,
      36.7889260212892,
      38.5126387628514,
      39.87707720981309,
      41.86502661404093
    ],
    "ms-ssim-rgb": [
      0.9457966380119324,
      0.9593352100849152,
      0.9694879961013794,
      0.9785676057338715,
      0.9849300920963288,
      0.9892769949436188,
      0.9920596964359284,
      0.9952311413288116
    ],
    "bpp": [
      0.09026561628645181,
      0.1327177955290379,
      0.19194423461942947,
      0.2775370517225885,
      0.38992651076152834,
      0.5672997728209578,
      0.8073583243607276,
      1.1203669847518216
    ],
    "encoding_time": [
      0.1840849199295044,
      0.18492424869537352,
      0.18592239570617675,
      0.18734084224700928,
      0.18928132438659667,
      0.3294787845611572,
      0.3300145063400269,
      0.33687953758239747
    ],
    "decoding_time": [
      0.1090132474899292,
      0.1100076904296875,
      0.11126929378509522,
      0.11631192779541015,
      0.12202827453613281,
      0.19523798561096192,
      0.2001537675857544,
      0.2123116340637207
    ]
  }
}