{
  "name": "mbt2018-mean",
  "description": "Inference (ans)",
  "results": {
    "psnr-rgb": [
      29.92531248655425,
      31.250653801193664,
      32.4201879852215,
      33.34039287304005,
      34.38864064723922,
      35.61471908547137,
      36.866801387192446,
      38.270260730245084
    ],
    "ms-ssim-rgb": [
      0.9572884616851807,
      0.9699230508804322,
      0.9785008096694946,
      0.9841849911212921,
      0.9882584645748138,
      0.9917345290184021,
      0.9941613411903382,
      0.9959017944335937
    ],
    "bpp": [
      0.07135206283493681,
      0.10730961202309416,
      0.15897272888995106,
      0.23015069361028162,
      0.3220808338536349,
      0.45301126261117936,
      0.6223620224395132,
      0.8608969025796734
    ],
    "encoding_time": [
      0.1901091556549072,
      0.19491000747680665,
      0.1905695514678955,
      0.19601697731018067,
      0.3299550065994263,
      0.3346501731872559,
      0.33081445217132566,
      0.3282274150848389
    ],
    "decoding_time": [
      0.1100010871887207,
      0.11339306926727295,
      0.11199229145050049,
      0.11849800395965576,
      0.1894378614425659,
      0.19439896202087403,
      0.19462895774841307,
      0.19908062362670897
    ]
  }
}