{
  "name": "mbt2018",
  "description": "Inference (ans)",
  "results": {
    "psnr": [
      31.475861246590785,
      32.88787435425501,
      34.36505638076645,
      35.6953188424661,
      37.28209480368451,
      38.785761793471536,
      40.38610968496738,
      41.823003629227216
    ],
    "ms-ssim": [
      0.9483125965595245,
      0.9608126728534698,
      0.9718058190345764,
      0.9790762553215027,
      0.9848940873146057,
      0.9893252892494202,
      0.9926484313011169,
      0.9950541083812714
    ],
    "bpp": [
      0.06789916325901722,
      0.10734513261981268,
      0.15949200825253415,
      0.23796007744082848,
      0.3610577654270238,
      0.5130502654182126,
      0.7360683946635966,
      1.0325965313266379
    ],
    "encoding_time": [
      41.63050112819672,
      40.244981513023376,
      41.484727494239806,
      39.860374099731445,
      97.25187293815613,
      103.65984560585022,
      106.50534079170227,
      106.83384815979004
    ],
    "decoding_time": [
      74.05372174739837,
      73.155773645401,
      75.21035338592529,
      71.79450761127472,
      129.21810612869263,
      137.42171112442017,
      141.66111877536773,
      137.5323140697479
    ]
  }
}