{
  "name": "cheng2020-attn",
  "description": "Inference (ans)",
  "results": {
    "psnr": [
      31.674553544517774,
      32.985358548438306,
      34.32373710191925,
      35.89992355422573,
      37.07874945489335,
      38.41627456459652
    ],
    "ms-ssim": [
      0.9496356174945831,
      0.9617076442241669,
      0.971600210428238,
      0.9795682637691497,
      0.9846859116554261,
      0.9889668908119201
    ],
    "bpp": [
      0.0722987723738274,
      0.10265771422933527,
      0.14877883207525808,
      0.23532755878944886,
      0.3254020293828645,
      0.45159476842236346
    ],
    "encoding_time": [
      19.961713183403017,
      19.96014051437378,
      19.798332752227783,
      19.83047178173065,
      19.707442085266113,
      20.353778814315795
    ],
    "decoding_time": [
      43.698941926956174,
      43.9536048746109,
      43.481017369270326,
      41.786149035453796,
      41.60706428813934,
      43.90533739566803
    ]
  }
}