{
  "name": "cheng2020-anchor",
  "description": "Inference (ans)",
  "results": {
    "psnr-rgb": [
      30.117225380440434,
      31.310221480501284,
      32.71887506158092,
      33.797187102124525,
      34.81094036846173,
      35.860786023370906
    ],
    "ms-ssim-rgb": [
      0.9608892550468445,
      0.9714514172077179,
      0.9798711173534393,
      0.9850246813297272,
      0.9892314963340759,
      0.9922459559440613
    ],
    "bpp": [
      0.06463306521948228,
      0.09514181255858342,
      0.143567269341118,
      0.20665190512643083,
      0.30653803436464583,
      0.4116013516172279
    ],
    "encoding_time": [
      33.50721900463104,
      32.78651761436463,
      33.29038467884064,
      32.86169846820831,
      65.46953435707093,
      66.08224327182769
    ],
    "decoding_time": [
      67.99860014820099,
      65.475608294487,
      67.15335019111633,
      65.77962083148957,
      107.27640009021759,
      109.06956245422363
    ]
  }
}