{
  "name": "bmshj2018-factorized",
  "description": "Inference (ans)",
  "results": {
    "psnr-rgb": [
      29.37720565918045,
      30.705735239255613,
      31.858466634192666,
      33.0302213578034,
      34.06874639901866,
      35.08719422252929,
      36.15699075673419,
      37.414763819825936
    ],
    "ms-ssim-rgb": [
      0.9551979711055756,
      0.9669064548015595,
      0.9751633753776551,
      0.9822698900699616,
      0.9871967151165009,
      0.9907307703495025,
      0.9931913087368012,
      0.9951079289913177
    ],
    "bpp": [
      0.09724716689582236,
      0.13906775620559222,
      0.19775225679930972,
      0.2782816273496679,
      0.39025273815852674,
      0.5321110977586841,
      0.7168024815884209,
      0.9679307117975499
    ],
    "encoding_time": [
      4.715242914199829,
      4.65610523891449,
      4.681715512275696,
      4.678062271118164,
      4.7382344741821285,
      9.234178450584412,
      9.4450219039917,
      9.2938358335495
    ],
    "decoding_time": [
      6.266647191047668,
      6.15578157043457,
      6.205092204093933,
      6.220200489997864,
      6.30401843547821,
      11.152594404220581,
      11.364387936592102,
      11.20413826084137
    ]
  }
}