{
  "name": "mbt2018",
  "description": "Inference (ans)",
  "results": {
    "psnr-rgb": [
      31.47538137332437,
      32.88769397330813,
      34.36485642683121,
      35.69592806471942,
      37.28246668307126,
      38.78580806380115,
      40.38587417677448,
      41.82309432171725
    ],
    "ms-ssim-rgb": [
      0.948310510635376,
      0.9608135604858399,
      0.9718048422336578,
      0.9790777430534363,
      0.984894653081894,
      0.9893254811763763,
      0.9926479604244233,
      0.9950538251399994
    ],
    "bpp": [
      0.06789899862556092,
      0.107344950773535,
      0.1594904241884356,
      0.2379634276962983,
      0.3610587450886909,
      0.5130541716504387,
      0.7360558908570922,
      1.0326126657256185
    ],
    "encoding_time": [
      19.476495405197145,
      19.255923053741455,
      20.23581275177002,
      19.96885586452484,
      19.7983794965744,
      20.080082891464233,
      19.91841247653961,
      20.571931730270386
    ],
    "decoding_time": [
      41.30927014350891,
      41.10723702526092,
      42.8118179063797,
      43.617622084617615,
      41.86544591712952,
      42.8290933675766,
      42.74742619991302,
      44.02041680526733
    ]
  }
}