{
  "name": "mbt2018",
  "description": "Inference (ans)",
  "results": {
    "psnr-rgb": [
      30.08953630411511,
      31.441017229402327,
      32.59536551700339,
      33.643293535628885,
      34.500863631822945,
      35.697822995386154,
      36.82120311272528,
      38.098471285298515
    ],
    "ms-ssim-rgb": [
      0.958289205789566,
      0.9704131810665131,
      0.9786962654590606,
      0.9842016680240631,
      0.9885676267147064,
      0.9918783731460571,
      0.9940588221549987,
      0.9957507531642914
    ],
    "bpp": [
      0.06369865562314869,
      0.09881507256209432,
      0.14738809319187232,
      0.20962622986499896,
      0.3114313450660414,
      0.4294345762867106,
      0.6077358957874488,
      0.8449505528763278
    ],
    "encoding_time": [
      19.76728486442566,
      19.82371105957031,
      19.533343611717225,
      19.743364351272582,
      19.663876621246338,
      20.445412947654724,
      20.142902862548826,
      19.8632942905426
    ],
    "decoding_time": [
      42.994077966690064,
      42.277690934181216,
      41.70642344665527,
      42.38826359844208,
      41.495261212348936,
      44.14228500747681,
      43.446339701652526,
      42.607969847679136
    ]
  }
}