{
  "name": "bmshj2018-factorized",
  "description": "Inference (ans)",
  "results": {
    "psnr": [
      29.377207939348885,
      30.705735136236225,
      31.85846606417925,
      33.03022681079785,
      34.068745600174104,
      35.08719290750637,
      36.156990380973085,
      37.41475497533456
    ],
    "ms-ssim": [
      0.9551979510784149,
      0.966906423330307,
      0.9751633024215698,
      0.982269819021225,
      0.9871966791152954,
      0.9907307367324829,
      0.9931912789344788,
      0.9951079070568085
    ],
    "bpp": [
      0.09724716689582236,
      0.13906776248618477,
      0.19775231701323664,
      0.2782816973378159,
      0.39025296285341843,
      0.5321108440304455,
      0.716802846263484,
      0.967931000264841
    ],
    "encoding_time": [
      0.16006684684753417,
      0.16135348320007326,
      0.16114239120483398,
      0.1603734712600708,
      0.16072121906280518,
      0.3109722900390625,
      0.31572458934783937,
      0.3134937171936035
    ],
    "decoding_time": [
      0.09420452690124512,
      0.09469930744171143,
      0.09553509330749511,
      0.09641528701782226,
      0.10004484748840332,
      0.18984694385528564,
      0.19570245265960692,
      0.2059890832901001
    ]
  }
}