{
  "name": "cheng2020-attn",
  "description": "Inference (ans)",
  "results": {
    "psnr": [
      31.67421714123046,
      32.985766430653285,
      34.32362720696729,
      35.89972874748058,
      37.07873956971493,
      38.41629550141968
    ],
    "ms-ssim": [
      0.9496363892555236,
      0.9617062633037567,
      0.9715990149974822,
      0.9795654518604279,
      0.9846867060661316,
      0.9889668886661529
    ],
    "bpp": [
      0.07229912355906846,
      0.10265783619421497,
      0.1487791192232378,
      0.23533101329209927,
      0.32540494715301527,
      0.4516008409788888
    ],
    "encoding_time": [
      37.06726272773743,
      34.63862268733978,
      37.03673133277893,
      72.9737970457077,
      65.56668290424346,
      72.17672461605072
    ],
    "decoding_time": [
      72.62233439064026,
      67.16189890480041,
      72.1403607711792,
      116.24347220516205,
      106.39335160064697,
      114.52794191169738
    ]
  }
}