{
  "name": "cheng2020-anchor",
  "description": "Inference (ans)",
  "results": {
    "psnr": [
      31.84379478841088,
      33.14044297151223,
      34.32466798850967,
      35.9272899375526,
      37.24646282594581,
      38.49489215586405
    ],
    "ms-ssim": [
      0.950047952413559,
      0.9624494326114654,
      0.9713520367145538,
      0.9789321212768555,
      0.9848296251296997,
      0.9890084612369537
    ],
    "bpp": [
      0.07432132603899022,
      0.10778920840118025,
      0.15061691280552444,
      0.22823298073740303,
      0.32450169688230657,
      0.452830966720425
    ],
    "encoding_time": [
      19.773889904022216,
      19.989353987693786,
      19.821947996139528,
      19.73764079475403,
      19.83476554298401,
      19.880442628860475
    ],
    "decoding_time": [
      42.79860572528839,
      43.26393440055847,
      43.18392315864563,
      43.09895878791809,
      41.87997152137756,
      42.32710852909088
    ]
  }
}