{
  "name": "JPEG2000",
  "description": "JPEG2000. ffmpeg version 3.4.6-0ubuntu0.18.04.1",
  "results": {
    "psnr-rgb": [
      43.075187137937554,
      39.63881583102304,
      37.966900377018156,
      36.86769563142865,
      36.03849999955367,
      35.376509865368604,
      34.82847325772365,
      34.3687566735011,
      33.959587650351665,
      33.59663321863444,
      33.27523303238432,
      32.987258903169966,
      32.725778514171814,
      32.48968916797928,
      32.26879824511506,
      32.067086836379744,
      31.874871353502115,
      31.69840703289125,
      31.5270821152012
    ],
    "ms-ssim-rgb": [
      0.9934582464694977,
      0.9863165478706359,
      0.9808072078227997,
      0.9760992152690887,
      0.972228120803833,
      0.9687274158000946,
      0.9654090557098388,
      0.9622272894382476,
      0.9592800035476684,
      0.9564468657970429,
      0.9538070788383484,
      0.951393559217453,
      0.9490950419902802,
      0.9469406502246857,
      0.9449133493900299,
      0.9428868145942688,
      0.9409462585449219,
      0.939064905166626,
      0.9371166052818298
    ],
    "bpp": [
      2.3990585933100683,
      1.1996042474329889,
      0.7996749090630696,
      0.599707015472808,
      0.4796915818447608,
      0.39976062664451734,
      0.3425955379568181,
      0.29977716562395434,
      0.2664370569011548,
      0.23975393361769667,
      0.2179880797803252,
      0.19978720486255958,
      0.18441229270469026,
      0.17127111244331258,
      0.15981656056428628,
      0.1498188463993988,
      0.14101868465775716,
      0.13319252071341975,
      0.1261519180183398
    ],
    "encoding_time": [
      3.6608189392089843,
      3.5538061647415162,
      3.500889260292053,
      3.555992774963379,
      3.5721843461990357,
      3.8558866214752197,
      3.8021743001937867,
      3.8342436819076537,
      3.7812484655380247,
      3.8476838035583496,
      3.789233048439026,
      3.8212067546844484,
      3.8229412479400633,
      3.8226068019866943,
      3.8123378858566284,
      3.622571493148804,
      3.768041096687317,
      3.6439598026275637,
      3.419381688117981
    ],
    "decoding_time": [
      4.768333687782287,
      4.109596870422363,
      3.724009945869446,
      3.680739210128784,
      3.5729541120529174,
      3.8019413270950317,
      3.701171217918396,
      3.6485973072052,
      3.6394570722579958,
      3.607410235404968,
      3.5972188472747804,
      3.5626705160140992,
      3.5700595378875732,
      3.5606319322586057,
      3.543826983451843,
      3.4098815298080445,
      3.511238610267639,
      3.359543432235718,
      3.1690387964248656
    ]
  }
}