{
  "name": "JPEG",
  "description": "JPEG. Pillow version 7.1.2",
  "results": {
    "psnr": [
      25.80608781053407,
      28.98846942326199,
      30.676149965908344,
      31.71697947176546,
      32.46842714064323,
      33.08006775136204,
      33.61215498325202,
      33.98061016520083,
      34.34502679403545,
      34.66562540348901,
      34.9302482919186,
      35.25308828728473,
      35.63673127536578,
      36.15407743067646,
      36.660379975209786,
      37.34625516696354,
      38.22505389373755,
      39.50592273557747,
      41.807311864129254
    ],
    "ms-ssim": [
      0.8544835393428802,
      0.9142758145332336,
      0.9399284319877624,
      0.9532274627685546,
      0.9612528581619263,
      0.9668059329986572,
      0.9710620892047882,
      0.9736893680095673,
      0.976141797542572,
      0.978098168849945,
      0.9796169936656952,
      0.9811060936450958,
      0.9829038894176483,
      0.9848168032169342,
      0.9866426393985749,
      0.9886332619190216,
      0.9906871585845948,
      0.99297811627388,
      0.9957353537082672
    ],
    "bpp": [
      0.18000955185508127,
      0.2406758369641472,
      0.2958914586666466,
      0.34597720071010335,
      0.3940152415159763,
      0.4388203047702206,
      0.4829611801122178,
      0.5198574536173672,
      0.5625337397318178,
      0.6001255178280209,
      0.6394545046487403,
      0.6890602297811727,
      0.752268254840045,
      0.8307058499667078,
      0.9220946853867932,
      1.068768728674102,
      1.2815784610996144,
      1.6665463288057574,
      2.53016268095596
    ],
    "encoding_time": [
      0.25761740493774415,
      0.2614977445602417,
      0.2705086164474487,
      0.2628719615936279,
      0.24372169017791748,
      0.2696262788772583,
      0.3001033172607422,
      0.3010678539276123,
      0.3089769382476807,
      0.3207779674530029,
      0.2968551912307739,
      0.3122866134643555,
      0.31528454494476316,
      0.3568853788375855,
      0.3467875967025757,
      0.31738050365448,
      0.3426788778305054,
      0.3346319446563721,
      0.31974149799346924
    ],
    "decoding_time": [
      0.1393017988204956,
      0.13181633472442628,
      0.14394616794586182,
      0.13966993713378906,
      0.13175342559814454,
      0.1342901391983032,
      0.16336429595947266,
      0.1554534912109375,
      0.1657170515060425,
      0.1690020685195923,
      0.16311268806457518,
      0.16072567462921142,
      0.18330948543548584,
      0.18028196620941161,
      0.17488689804077148,
      0.16860424423217774,
      0.16909519386291505,
      0.1667760534286499,
      0.1619019775390625
    ]
  }
}
