{
  "name": "VTM",
  "description": "VTM",
  "results": {
    "psnr-rgb": [
      29.337472706619277,
      31.730940995684293,
      34.15457345004876,
      36.611257690121995,
      39.09194904463525,
      41.77990424184208,
      44.811886182588836,
      48.00565619064648
    ],
    "ms-ssim-rgb": [
      0.9121655125617981,
      0.9458665356636048,
      0.9672529218196869,
      0.9803580207824707,
      0.988706910610199,
      0.9939270412921906,
      0.9970077097415924,
      0.9986655340194702
    ],
    "bpp": [
      0.02940673181575781,
      0.06639487566729217,
      0.1376173280632231,
      0.26650466002352563,
      0.5029939315691506,
      0.931083121760432,
      1.656877480234137,
      2.699026697929575
    ],
    "encoding_time": [
      222.15714904880522,
      458.10675458431245,
      801.6766791963578,
      1305.5080655708314,
      1883.2228838996887,
      2762.7069400548935,
      3748.229560251236,
      4583.659822196007
    ],
    "decoding_time": [
      0.6111153059005737,
      0.7137566432952881,
      0.8562572135925293,
      1.0722242555618287,
      1.28183429145813,
      1.5463278017044066,
      1.8832393951416015,
      2.3260428352355955
    ]
  }
}