{
  "name": "bmshj2018-hyperprior",
  "description": "Inference (ans)",
  "results": {
    "psnr": [
      29.390040521137948,
      31.033850505784148,
      32.781649865728134,
      34.482302011074,
      35.969137523746475,
      37.87492442121405,
      39.614966081314385,
      41.684360699680695
    ],
    "ms-ssim": [
      0.9361620990747817,
      0.9542243390270834,
      0.9674179922328906,
      0.977836695949683,
      0.98476915178674,
      0.9893058873294445,
      0.9926484029614524,
      0.9955724276853412
    ],
    "bpp": [
      0.1128590103416448,
      0.17040167966160374,
      0.24875327338520412,
      0.3564529406556961,
      0.48773642317253213,
      0.6810622417146237,
      0.9371424899144206,
      1.2791009624999967
    ],
    "encoding_time": [
      5.071143844154443,
      5.061118661687615,
      5.054311882244067,
      5.09427566072914,
      5.024436452415552,
      9.13912118686719,
      9.158973096461779,
      9.149570726276783
    ],
    "decoding_time": [
      5.86203676395202,
      5.853017555193954,
      5.813250060831563,
      5.90375712882267,
      5.830716225538361,
      9.794730511943946,
      9.854000417034278,
      9.872596709915761
    ]
  }
}
