{
  "name": "bmshj2018-factorized",
  "description": "Inference (ans)",
  "results": {
    "psnr": [
      28.752904939948902,
      30.213685432189564,
      31.662121816839715,
      33.30228562313424,
      34.87545561971162,
      36.93336988280044,
      38.802445556622395,
      40.95886075271556
    ],
    "ms-ssim": [
      0.9302462667561648,
      0.950389627995116,
      0.9649364519655035,
      0.9758492962697919,
      0.9834398282377907,
      0.9887848580151462,
      0.9926034238901031,
      0.995410738701231
    ],
    "bpp": [
      0.11460587044001654,
      0.17061768049319545,
      0.2531160228784584,
      0.3738325884798045,
      0.5361004284963933,
      0.7822433499061189,
      1.0970719297117144,
      1.5139156852066578
    ],
    "encoding_time": [
      4.714277548736401,
      4.645735207568394,
      4.626197320691655,
      4.5844900125867865,
      4.638101233525223,
      8.516454527887065,
      8.567252485939626,
      8.657720172003414
    ],
    "decoding_time": [
      5.549897006388461,
      5.54380446471525,
      5.509985341114945,
      5.475317829110649,
      5.519262074084764,
      9.307972128471631,
      9.418602040644442,
      9.536349375596208
    ]
  }
}
