{
  "name": "cheng2020-anchor",
  "description": "Inference (ans)",
  "results": {
    "psnr": [
      30.45477147348683,
      31.852913817363024,
      33.140171155513336,
      34.92881954115573,
      36.39221888071418,
      37.80914347083055
    ],
    "ms-ssim": [
      0.9399676055050967,
      0.9570029558760397,
      0.968887756044945,
      0.9779720041859016,
      0.9845724045560601,
      0.9890825480557559
    ],
    "bpp": [
      0.09943865012187013,
      0.14595327717609627,
      0.20475677564343023,
      0.3044638602977872,
      0.4215495328465193,
      0.572174167542312
    ],
    "encoding_time": [
      82.11176283573836,
      83.00780659579159,
      83.63722011078609,
      125.89649427606818,
      122.78960136483225,
      125.07482237226507
    ],
    "decoding_time": [
      137.870249430785,
      138.43593372387832,
      138.68418992369362,
      189.02740507313374,
      186.19789805974852,
      188.30801657210574
    ]
  }
}