{
  "name": "bmshj2018-hyperprior (MS-SSIM)",
  "description": "Inference (ans)",
  "results": {
    "psnr": [
      27.451386556995352,
      29.098396337990717,
      30.500897746230336,
      31.805487967894692,
      32.96521467106321,
      34.140585487762536,
      35.46872124709842,
      37.0673388977258
    ],
    "ms-ssim": [
      0.9502502706613434,
      0.9655039732375842,
      0.9767952638395717,
      0.9841635284129153,
      0.9890765795546971,
      0.9924198750699504,
      0.9948828377750483,
      0.9965464482816417
    ],
    "bpp": [
      0.09790893407560156,
      0.1438697559633049,
      0.20711950769958604,
      0.29039555702367825,
      0.4010310131970055,
      0.5438847998951699,
      0.7230254398816389,
      0.9675737054473924
    ],
    "encoding_time": [
      8.87266621161043,
      8.835840010910891,
      8.77308561292927,
      8.782162446654246,
      8.761708293068274,
      15.700764483280397,
      15.678223364808586,
      15.75310894746459
    ],
    "decoding_time": [
      11.741175683696618,
      11.677861903490646,
      11.642208028375432,
      11.556075962741723,
      11.62916942258899,
      19.454003979650775,
      19.45517932966854,
      19.401378014114467
    ]
  }
}