{
  "name": "mbt2018-mean",
  "description": "Inference (ans)",
  "results": {
    "psnr": [
      28.414240456954396,
      29.806419866370387,
      31.03290292291578,
      32.02330392218911,
      33.10755165934941,
      34.3904338363413,
      35.75438073387074,
      37.24378044299663
    ],
    "ms-ssim": [
      0.950098866492175,
      0.9672222261348468,
      0.9778443507933885,
      0.9844747466987438,
      0.9891836194509871,
      0.9928051929795341,
      0.9951589251502176,
      0.9967427786146656
    ],
    "bpp": [
      0.0882807032656091,
      0.13543457931923963,
      0.19896348127948404,
      0.2821308164847608,
      0.39290516211225934,
      0.5764085736906313,
      0.7410913725866175,
      0.9878956169454882
    ],
    "encoding_time": [
      0.21329059627618682,
      0.23493810048264063,
      0.24181644434339544,
      0.23926892843139305,
      0.4043527345978812,
      0.3739470270242584,
      0.40875580203667117,
      0.37164234981108246
    ],
    "decoding_time": [
      0.12197436375564404,
      0.13773933957132062,
      0.14307974831441814,
      0.1434509472900562,
      0.22957556703117457,
      0.21238352207655317,
      0.2523346844683872,
      0.22448187463738944
    ]
  }
}