{
  "name": "cheng2020-attn",
  "description": "Inference (ans)",
  "results": {
    "psnr": [
      30.349101058181,
      31.721968666124834,
      33.17354347477352,
      34.93959774291655,
      36.2449962913945,
      37.75249930400424
    ],
    "ms-ssim": [
      0.9408700697207719,
      0.9566890741332194,
      0.9696584859590852,
      0.9786994440501995,
      0.984414074862941,
      0.9890040751923336
    ],
    "bpp": [
      0.09664445691481245,
      0.1390339502945832,
      0.20232233603218444,
      0.3112443711237187,
      0.421859313314858,
      0.5711043880782499
    ],
    "encoding_time": [
      21.047027290537116,
      37.9547730135114,
      20.840564016545756,
      37.72760302832957,
      22.179271028282937,
      21.23013291064273
    ],
    "decoding_time": [
      49.57411337702462,
      87.62936293409112,
      50.71295749337486,
      86.58472255106723,
      51.61328124062399,
      50.793123081828774
    ]
  }
}