{
  "name": "mbt2018-mean",
  "description": "Inference (ans)",
  "results": {
    "psnr": [
      29.713003968543187,
      31.340906037257096,
      32.98332920557209,
      34.60722957624019,
      36.37588812305306,
      38.07135153509557,
      39.884344027501,
      41.72736410052107
    ],
    "ms-ssim": [
      0.9367993735195546,
      0.9553532506642717,
      0.96840581632732,
      0.9781744074955415,
      0.9847070782372122,
      0.9894815073924118,
      0.9930698389417669,
      0.9953944056891324
    ],
    "bpp": [
      0.10275701583316449,
      0.15767710018857622,
      0.23524170509456407,
      0.3397858282644231,
      0.4880391446107321,
      0.6599125614270558,
      0.9055206785575571,
      1.2250691601433108
    ],
    "encoding_time": [
      5.162444662512018,
      5.273524896482403,
      5.2167572559935325,
      5.082294923535893,
      9.658184026064498,
      9.617401413703233,
      9.587186635210273,
      9.448700857966134
    ],
    "decoding_time": [
      5.962148971771926,
      6.074568748474121,
      6.019602049602551,
      5.853332152527369,
      10.271933408265703,
      10.279830868324536,
      10.319684627350796,
      10.22832027446018
    ]
  }
}
