{
  "name": "bmshj2018-factorized (MS-SSIM)",
  "description": "Inference (ans)",
  "results": {
    "psnr": [
      27.893858559850216,
      29.209111468314873,
      30.39472745290434,
      31.58220073625249,
      32.69813156261357,
      33.746824542968575,
      34.85325620036568,
      36.22318728452411
    ],
    "ms-ssim": [
      0.9466707960943158,
      0.9624654731053984,
      0.9734707116410973,
      0.9821884705779258,
      0.9879072121020114,
      0.9917532275901751,
      0.9943469113178467,
      0.9961580232288061
    ],
    "bpp": [
      0.11038148259865667,
      0.15938258893601595,
      0.22775440811436382,
      0.3192164255426882,
      0.4428792275199501,
      0.596216609082431,
      0.7902528708207969,
      1.0435709349140259
    ],
    "encoding_time": [
      6.910059848528229,
      6.950038714355298,
      6.993133895852592,
      6.965387910939334,
      6.960447718588154,
      12.471143063534512,
      12.49817540538445,
      12.48229309012381
    ],
    "decoding_time": [
      8.255561487058575,
      8.289560105023758,
      8.410718667373228,
      8.282968087142773,
      8.305251851510466,
      14.131747454739688,
      14.152997138794888,
      14.227593407202303
    ]
  }
}