{
  "name": "cheng2020-anchor",
  "description": "Inference (ans)",
  "results": {
    "psnr": [
      28.70826667619099,
      29.91183531011757,
      31.271287973365858,
      32.37984420492259,
      33.47579659006573,
      34.57833195451561
    ],
    "ms-ssim": [
      0.9555022987756836,
      0.9691497378804711,
      0.9791675437702222,
      0.9853078069981565,
      0.9898682132865606,
      0.9931715703412388
    ],
    "bpp": [
      0.0828368109147148,
      0.12271545253729749,
      0.18188030517814624,
      0.25715294385857435,
      0.37263648798711396,
      0.4964217659384976
    ],
    "encoding_time": [
      20.838470634449735,
      21.56698178307394,
      21.039474251564968,
      20.33667393882623,
      20.928977713156282,
      20.47983157366849
    ],
    "decoding_time": [
      45.4617314070798,
      45.76345993427748,
      45.1919268075,
      44.887948863961725,
      44.89184356405494,
      44.35627113701253
    ]
  }
}