{
  "name": "mbt2018-mean",
  "description": "Inference (ans)",
  "results": {
    "psnr": [
      29.712478304191094,
      31.340390495160147,
      32.982854944138644,
      34.606790720156376,
      36.3754897273516,
      38.07096518445851,
      39.883973914043374,
      41.72700691930529
    ],
    "ms-ssim": [
      0.9368013749631603,
      0.9553548070821869,
      0.9684068627571791,
      0.9781751073478313,
      0.984707653857349,
      0.9894818007276299,
      0.9930695355608222,
      0.995392479253619
    ],
    "bpp": [
      0.10275695685548823,
      0.15767746700726587,
      0.2352414691838589,
      0.3397859739392834,
      0.48803947075728144,
      0.6599119162112774,
      0.9055214452673483,
      1.225069224451662
    ],
    "encoding_time": [
      0.2072813269797336,
      0.21091003498334562,
      0.21496184890189868,
      0.21662350451008658,
      0.369220519333743,
      0.37440432591384715,
      0.37453014663096224,
      0.37875794828607795
    ],
    "decoding_time": [
      0.122104738535506,
      0.1247531564048167,
      0.1290321885869744,
      0.13367978374609787,
      0.21754984909229064,
      0.22503784801183122,
      0.23004110609547476,
      0.24131273285726482
    ]
  }
}