{
  "name": "cheng2020-anchor",
  "description": "Inference (ans)",
  "results": {
    "psnr": [
      28.70826667619099,
      29.911835298598813,
      31.271287973365858,
      32.37984420492259,
      33.47579659006573,
      34.57833195451561
    ],
    "ms-ssim": [
      0.9555022987756836,
      0.9691497372107559,
      0.9791675437702222,
      0.9853078069981565,
      0.9898682132865606,
      0.9931715703412388
    ],
    "bpp": [
      0.0828368109147148,
      0.12271545253729749,
      0.18188030517814624,
      0.25715294385857435,
      0.37263648798711396,
      0.4964217659384976
    ],
    "encoding_time": [
      20.752448473083838,
      19.64485668064503,
      20.221683674983765,
      21.301796094755108,
      20.389365359638514,
      21.870449455936303
    ],
    "decoding_time": [
      51.18517741192593,
      48.98882446798046,
      50.346184552385566,
      51.6239973976371,
      50.090379630581715,
      51.74081466305122
    ]
  }
}