{
  "name": "mbt2018",
  "description": "Inference (ans)",
  "results": {
    "psnr": [
      30.05863688318524,
      31.621029698031457,
      33.25294484414876,
      34.76421098798515,
      36.52377659683264,
      38.17710243674378,
      39.96317801353333,
      41.75990788608337
    ],
    "ms-ssim": [
      0.9387579831514465,
      0.9554901792761985,
      0.9696385997734712,
      0.9783494874332728,
      0.9848549469803156,
      0.9894260636876139,
      0.9928424261259229,
      0.9953873425387265
    ],
    "bpp": [
      0.09060521597291644,
      0.14612360500481664,
      0.2168253692059667,
      0.3169614453839781,
      0.4576057231858321,
      0.6325329827060544,
      0.8718065241316402,
      1.1995948128874827
    ],
    "encoding_time": [
      68.55648651015892,
      68.62324221080608,
      68.17117682065856,
      68.67064158300336,
      95.9749783960621,
      94.90221307786663,
      94.85199182221059,
      95.36423403091645
    ],
    "decoding_time": [
      69.60459943433825,
      69.6052175130737,
      69.25170002358684,
      69.6617540054107,
      95.46703925561368,
      94.64259254128746,
      94.63910700364059,
      94.10780079980914
    ]
  }
}
