{
  "name": "mbt2018",
  "description": "Inference (ans)",
  "results": {
    "psnr": [
      28.622136117339764,
      30.021095866812587,
      31.256832500743503,
      32.286946248925766,
      33.22983676100587,
      34.43226091620871,
      35.70360445519832,
      37.09732412407019
    ],
    "ms-ssim": [
      0.9523044372542521,
      0.9680914373210306,
      0.9781772323538748,
      0.9844923340872432,
      0.9895733604940136,
      0.9929684069049493,
      0.9951525153069014,
      0.9967085856400179
    ],
    "bpp": [
      0.08152252116936622,
      0.12738164337493774,
      0.18753938799785977,
      0.26181157030781993,
      0.38010689060358693,
      0.517381658249014,
      0.7089252452067957,
      0.9577935386753181
    ],
    "encoding_time": [
      21.094376852003375,
      20.857333362772223,
      27.617838801962606,
      50.02916564700309,
      20.556912644525593,
      26.917928959546465,
      21.376047762592187,
      21.450325600216896
    ],
    "decoding_time": [
      49.83251364847248,
      50.1415966561671,
      71.329382154379,
      105.69967258378361,
      50.87716580106971,
      69.53863001673409,
      51.16106838322757,
      51.04725776629502
    ]
  }
}