{
  "name": "cheng2020-attn",
  "description": "Inference (ans)",
  "results": {
    "psnr": [
      28.440936629076546,
      29.821333075327075,
      31.085657787302456,
      32.49324115169044,
      33.41984157905587,
      34.665444565337765
    ],
    "ms-ssim": [
      0.9523976535609598,
      0.9677648182665364,
      0.9779092009817616,
      0.9854434802291099,
      0.9897570399086127,
      0.9928398035215528
    ],
    "bpp": [
      0.0782014972903033,
      0.11953121511532225,
      0.17417064819848907,
      0.25926819010508373,
      0.35717258349536884,
      0.49848666674071984
    ],
    "encoding_time": [
      36.84605073125175,
      38.034691735599814,
      39.457201906804286,
      36.677969976757346,
      36.970627492733215,
      40.12984456640951
    ],
    "decoding_time": [
      85.5109609486012,
      85.87169681640154,
      88.86553256699209,
      84.16043401702066,
      84.20032891798556,
      88.2430657804682
    ]
  }
}