{
  "name": "VTM",
  "description": "VTM",
  "results": {
    "psnr": [
      27.955868976094447,
      30.47001401667953,
      33.07835552282398,
      35.73934020851539,
      38.46536506492524,
      41.479935701186186,
      44.93434595586896,
      48.51245543239272
    ],
    "ms-ssim": [
      0.8922410456652052,
      0.9365411059240277,
      0.9642750088418468,
      0.9799350014563357,
      0.9886786515793103,
      0.9940394323863341,
      0.9973498080553633,
      0.9990168096644155
    ],
    "bpp": [
      0.03736660756543293,
      0.08785763054390122,
      0.18290791142017315,
      0.34560848451432774,
      0.6142115539305054,
      1.0704162043141165,
      1.813963165884298,
      2.773202352709049
    ],
    "encoding_time": [
      106.8591263870175,
      226.71608158577695,
      356.03235563401427,
      515.7250458484285,
      713.1705554442459,
      995.0412809848785,
      1248.2659243104163,
      1349.6400597885754
    ],
    "decoding_time": [
      0.3861926994966657,
      0.46153861083341446,
      0.5439772632684601,
      0.6872972129436021,
      0.7981681462084309,
      0.9290553759992792,
      1.1065376621953558,
      1.3130989945336673
    ]
  }
}