{
  "name": "bmshj2018-hyperprior-vbr-mse",
  "description": "Inference (ans)",
  "results": {
    "psnr-rgb": [
      27.413174390792847,
      28.75465750694275,
      29.68277899424235,
      30.44826038678487,
      31.48559848467509,
      32.171465158462524,
      33.140264670054115,
      34.00392087300619,
      34.9842054049174,
      35.83847713470459,
      36.75735139846802,
      37.633476893107094,
      38.573522408803306,
      39.31727425257365,
      40.1540904045105,
      40.81023025512695
    ],
    "ms-ssim-rgb": [
      0.9119425018628439,
      0.9355422457059225,
      0.9478957056999207,
      0.9564772074421247,
      0.9657980799674988,
      0.9707435667514801,
      0.9765018100539843,
      0.9806619336207708,
      0.9844288875659307,
      0.9870916133125623,
      0.9894227286179861,
      0.9912478774785995,
      0.9928660293420156,
      0.9939343060056368,
      0.9949681709210078,
      0.9956698069969813
    ],
    "bpp": [
      0.13823784722222224,
      0.19699774848090276,
      0.245574951171875,
      0.29274834526909715,
      0.3663194444444445,
      0.42046440972222215,
      0.5051269531249999,
      0.5900641547309028,
      0.6966484917534722,
      0.7997606065538192,
      0.922637939453125,
      1.054572211371528,
      1.2127176920572917,
      1.354366726345486,
      1.5367635091145833,
      1.701015896267361
    ],
    "encoding_time": [
      0.0927423636118571,
      0.04780744512875875,
      0.04842360814412435,
      0.04937426249186198,
      0.049836168686548867,
      0.04884870847066244,
      0.04808015624682108,
      0.04918695489565531,
      0.050054709116617836,
      0.05064196387926737,
      0.04887490471204122,
      0.049707502126693726,
      0.049645443757375084,
      0.04929224650065104,
      0.05209042628606161,
      0.05184965332349142
    ],
    "decoding_time": [
      0.04604454835255941,
      0.048260013262430825,
      0.048200766245524086,
      0.04685743649800619,
      0.046909322341283165,
      0.04971686999003092,
      0.04745221138000488,
      0.048703670501708984,
      0.04887134830156962,
      0.05087463061014811,
      0.050518800814946495,
      0.05074777205785116,
      0.04953207572301229,
      0.04967591166496277,
      0.050334413846333824,
      0.051040450731913246
    ]
  }
}