{
  "name": "BPG 8b 444 x265 ycbcr",
  "description": "BPG. BPG version b'0.9.8'",
  "results": {
    "psnr-rgb": [
      26.19512806390954,
      28.68154930675666,
      31.5946565907943,
      34.857473813062924,
      38.259886899666974,
      41.47887283561703,
      44.70311031066196,
      47.63251604714922
    ],
    "ms-ssim-rgb": [
      0.8685900047421455,
      0.9242047940691313,
      0.9611444820960363,
      0.9807986840605736,
      0.9904666990041733,
      0.9949331854780515,
      0.9975460593899091,
      0.9988023291031519
    ],
    "bpp": [
      0.06776767306857638,
      0.1610234578450521,
      0.35155402289496523,
      0.6846966213650174,
      1.1996654934353295,
      1.9297120836046002,
      3.0578757392035594,
      4.703142801920573
    ],
    "encoding_time": [
      0.36445443828900653,
      0.4197501341501872,
      0.49722588062286377,
      0.662082294623057,
      0.7998103499412537,
      0.9553667108217875,
      1.1576407154401143,
      1.2964888513088226
    ],
    "decoding_time": [
      0.11952014764149983,
      0.13156630595525107,
      0.15986177325248718,
      0.16952948768933615,
      0.1806861162185669,
      0.194917360941569,
      0.21694589654604593,
      0.24737966060638428
    ]
  }
}