{
  "name": "mbt2018-mean",
  "description": "Inference (ans)",
  "results": {
    "psnr-rgb": [
      27.699472968534337,
      29.358805876639696,
      31.128916719551516,
      32.95067527714903,
      34.96831704422008,
      36.91109403854906,
      38.83750942961362,
      40.63331397919807
    ],
    "ms-ssim-rgb": [
      0.9178414369622866,
      0.9430568714936575,
      0.9614850729703903,
      0.9752046962579092,
      0.983576275408268,
      0.9892503147323927,
      0.993048628171285,
      0.9953488285342852
    ],
    "bpp": [
      0.12392171223958336,
      0.19798109266493058,
      0.3072441948784722,
      0.46061197916666674,
      0.6616651746961806,
      0.9144049750434027,
      1.2342088487413194,
      1.619089762369792
    ],
    "encoding_time": [
      0.7350994845231374,
      0.7473582625389099,
      0.7072189052899679,
      0.7510887682437897,
      1.5587640702724457,
      1.5280674397945404,
      1.4513452152411144,
      1.5716263055801392
    ],
    "decoding_time": [
      0.9632014830907186,
      0.9380105833212534,
      0.9072946906089783,
      0.9441055953502655,
      1.8073165615399678,
      1.745316316684087,
      1.731308897336324,
      1.7923627694447835
    ]
  }
}