{
  "name": "cheng2020-attn",
  "description": "Inference (ans)",
  "results": {
    "psnr": [
      25.585799200058947,
      26.691363528991413,
      27.709164034525795,
      29.007393969586243,
      29.98620963356321,
      31.456061255231536
    ],
    "ms-ssim": [
      0.9367941791812578,
      0.9579841693242391,
      0.9719453429182371,
      0.9824173226952553,
      0.9876325875520706,
      0.9913572495182356
    ],
    "bpp": [
      0.09189520941840278,
      0.14525010850694442,
      0.214996337890625,
      0.31959025065104163,
      0.4298197428385418,
      0.595828586154514
    ],
    "encoding_time": [
      4.547664999961853,
      4.869953205188115,
      4.487927744785945,
      8.809956749280294,
      9.509408394495646,
      9.117711613575617
    ],
    "decoding_time": [
      8.922262191772461,
      9.28780777255694,
      8.779220124085745,
      14.565877914428711,
      15.112390597661337,
      14.730161945025126
    ]
  }
}