{
  "name": "mbt2018",
  "description": "Inference (ans)",
  "results": {
    "psnr-rgb": [
      25.54115688575216,
      26.723198006721756,
      27.910445998975437,
      28.95883785049651,
      29.571470927642448,
      30.495787004152266,
      32.025144458548205,
      33.50292032560569
    ],
    "ms-ssim-rgb": [
      0.9371894573171934,
      0.9584837208191553,
      0.9724988813201586,
      0.9810254996021589,
      0.9871434941887856,
      0.9913019786278406,
      0.9940708155433337,
      0.9959906190633774
    ],
    "bpp": [
      0.09754435221354167,
      0.15629408094618055,
      0.23414781358506945,
      0.3261277940538194,
      0.4566819932725695,
      0.615353054470486,
      0.8500840928819446,
      1.1412285698784723
    ],
    "encoding_time": [
      5.774565865596135,
      5.604905406634013,
      5.518194178740184,
      6.098001221815745,
      13.405061562856039,
      12.221109499533972,
      15.579168091217676,
      13.866299033164978
    ],
    "decoding_time": [
      10.547266215085983,
      10.003232429424921,
      9.86841211716334,
      11.225019305944443,
      18.246913651625317,
      17.817041367292404,
      21.18045762181282,
      18.455184598763783
    ]
  }
}