{
  "name": "mbt2018",
  "description": "Inference (ans)",
  "results": {
    "psnr-rgb": [
      25.54117584514974,
      26.722515829227618,
      27.91070358688161,
      28.959078675173643,
      29.572091312755678,
      30.494374376914877,
      32.02239958927723,
      33.498171304794134
    ],
    "ms-ssim-rgb": [
      0.9371825183431307,
      0.9584858268499374,
      0.9725003316998482,
      0.9810259987910589,
      0.9871431241432825,
      0.9913033867875735,
      0.9940702170133591,
      0.9959912275274595
    ],
    "bpp": [
      0.09754774305555557,
      0.15631103515625,
      0.23415459526909724,
      0.32611762152777773,
      0.4566243489583333,
      0.6153496636284722,
      0.8500501844618057,
      1.1412997775607638
    ],
    "encoding_time": [
      2.6144112745920816,
      2.693097005287806,
      2.649235248565674,
      2.8889172772566476,
      2.659164071083069,
      2.7242110669612885,
      2.9584551652272544,
      2.63034854332606
    ],
    "decoding_time": [
      5.712201217810313,
      5.841790477434794,
      5.743082404136658,
      6.006754477818807,
      5.74888829390208,
      5.811936964591344,
      6.094523032506307,
      5.743261257807414
    ]
  }
}