{
  "name": "mbt2018-mean",
  "description": "Inference (ans)",
  "results": {
    "psnr-rgb": [
      27.699473000769824,
      29.35881842156732,
      31.128916249986656,
      32.95067519149061,
      34.968296546935704,
      36.911094917040515,
      38.83751427361349,
      40.633312667109166
    ],
    "ms-ssim-rgb": [
      0.917841374874115,
      0.943056824306647,
      0.9614849934975306,
      0.9752046515544256,
      0.9835761388142904,
      0.9892503246665001,
      0.9930485412478447,
      0.9953488161166509
    ],
    "bpp": [
      0.12392171223958336,
      0.19798109266493058,
      0.3072441948784722,
      0.46061197916666674,
      0.6616651746961806,
      0.9144049750434027,
      1.2342088487413194,
      1.619089762369792
    ],
    "encoding_time": [
      0.03205262621243795,
      0.03806860248247782,
      0.038576255242029824,
      0.032868037621180214,
      0.05029068390528361,
      0.05120685696601868,
      0.05708427230517069,
      0.05733216802279154
    ],
    "decoding_time": [
      0.021537482738494873,
      0.022288918495178223,
      0.02288302779197693,
      0.023157427708307903,
      0.03319695591926575,
      0.039762924114863075,
      0.03540671865145365,
      0.036434948444366455
    ]
  }
}