{
  "name": "mbt2018-mean",
  "description": "Inference (ans)",
  "results": {
    "psnr-rgb": [
      25.44070431094674,
      26.56793771857012,
      27.566043065908513,
      28.502706000491198,
      29.518198027523084,
      30.85245516372217,
      32.24249568076115,
      33.828304494068725
    ],
    "ms-ssim-rgb": [
      0.933812141418457,
      0.9570232306917509,
      0.9717467998464903,
      0.9807666117946306,
      0.9866285448273023,
      0.9911599010229111,
      0.9941219364603361,
      0.9961015482743582
    ],
    "bpp": [
      0.10171508789062501,
      0.16160074869791669,
      0.24189588758680555,
      0.3423021104600695,
      0.46380954318576384,
      0.6381361219618055,
      0.8619384765625,
      1.158715142144097
    ],
    "encoding_time": [
      0.03853882352511088,
      0.038157492876052856,
      0.04063193996747335,
      0.039080133040746055,
      0.057505945364634194,
      0.05771646896998087,
      0.05706872542699178,
      0.05661280949910482
    ],
    "decoding_time": [
      0.022425283988316853,
      0.02205949028333028,
      0.023950050274531048,
      0.023491670687993366,
      0.03365143140157064,
      0.03336724638938904,
      0.03444220622380575,
      0.03476068377494812
    ]
  }
}