{
  "name": "bmshj2018-factorized",
  "description": "Inference (ans)",
  "results": {
    "psnr-rgb": [
      25.29911283151186,
      26.301309240670616,
      27.2154189914184,
      28.16555934039276,
      29.053934043306196,
      30.330470740702694,
      31.433762338411224,
      32.776907296275986
    ],
    "ms-ssim-rgb": [
      0.9296295791864395,
      0.9503234351674715,
      0.9650793274243673,
      0.9769630009929339,
      0.9845390965541204,
      0.9894740730524063,
      0.9927667006850243,
      0.9951493044694265
    ],
    "bpp": [
      0.11629231770833333,
      0.17276679144965276,
      0.25218709309895837,
      0.3593105740017361,
      0.4981180826822917,
      0.6686842176649307,
      0.8867797851562499,
      1.1780870225694444
    ],
    "encoding_time": [
      0.6894752184549967,
      0.7023201286792755,
      0.681562195221583,
      0.6861303945382436,
      0.6890242199103037,
      1.3662180999914806,
      1.351937472820282,
      1.3734674950440724
    ],
    "decoding_time": [
      0.9253701468308767,
      0.9252707461516062,
      0.9039340317249298,
      0.8984045088291168,
      0.9234653015931448,
      1.6627739667892456,
      1.6253822048505147,
      1.6440746188163757
    ]
  }
}