{
  "name": "bmshj2018-factorized",
  "description": "Inference (ans)",
  "results": {
    "psnr-rgb": [
      26.908786993747455,
      28.21792701366044,
      29.616911857390793,
      31.27709821764402,
      32.956133703490536,
      35.380950472875384,
      37.39693508205453,
      39.62130544452709
    ],
    "ms-ssim-rgb": [
      0.9099890987078348,
      0.9360476260383924,
      0.9554707904656728,
      0.9703577409187952,
      0.9806416556239128,
      0.9878812531630198,
      0.9921989192565283,
      0.9951046581069628
    ],
    "bpp": [
      0.1226230197482639,
      0.18852742513020834,
      0.2878078884548611,
      0.44037882486979174,
      0.64813232421875,
      0.9669765896267358,
      1.351162380642361,
      1.8332722981770837
    ],
    "encoding_time": [
      0.6995555559794108,
      0.6308462023735046,
      0.6220521430174509,
      0.6620098352432251,
      0.6920309861501058,
      1.3334342737992604,
      1.3282968898614247,
      1.2074389259020488
    ],
    "decoding_time": [
      0.8956152002016703,
      0.8715583980083466,
      0.830779105424881,
      0.9073310097058614,
      0.8896505137284597,
      1.5697821080684662,
      1.5901192526022594,
      1.4703049560387929
    ]
  }
}