{
  "name": "cheng2020-anchor",
  "description": "Inference (ans)",
  "results": {
    "psnr": [
      28.58235164600031,
      29.969272906591517,
      31.342783743928436,
      33.390308674052186,
      35.11886905407247,
      36.7040956894179
    ],
    "ms-ssim": [
      0.923588735361894,
      0.9465066492557526,
      0.9628601123889288,
      0.9757731581727663,
      0.9841162537535032,
      0.9893005341291428
    ],
    "bpp": [
      0.11959499782986115,
      0.18379720052083337,
      0.2709520128038195,
      0.4173753526475694,
      0.5944688585069444,
      0.805735270182292
    ],
    "encoding_time": [
      2.7524550457795462,
      2.7260450422763824,
      2.7194062372048697,
      2.764770030975342,
      2.783641199270884,
      2.724186817804972
    ],
    "decoding_time": [
      5.895147244135539,
      5.910272777080536,
      5.879772961139679,
      6.0627621114254,
      5.835122694571813,
      6.033452441294988
    ]
  }
}