{
  "name": "cheng2020-attn",
  "description": "Inference (ans)",
  "results": {
    "psnr-rgb": [
      28.431022562941322,
      29.767465960266268,
      31.3214427460843,
      33.36297212123834,
      34.94929830812205,
      36.622347537934694
    ],
    "ms-ssim-rgb": [
      0.9239219352602959,
      0.9453630372881889,
      0.9634726072351137,
      0.9761905695001284,
      0.9837852045893669,
      0.9891775747140249
    ],
    "bpp": [
      0.11557685004340279,
      0.17449273003472224,
      0.26903618706597227,
      0.4269510904947915,
      0.5952657063802083,
      0.8059149848090277
    ],
    "encoding_time": [
      4.493829747041066,
      4.511521399021149,
      4.64531613389651,
      8.896737108627955,
      8.90351069966952,
      8.659341305494308
    ],
    "decoding_time": [
      8.824091404676437,
      9.088679949442545,
      9.170566141605377,
      14.08977954586347,
      15.114649713039398,
      13.909542053937912
    ]
  }
}