{
  "name": "mbt2018-mean",
  "description": "Inference (ans)",
  "results": {
    "psnr": [
      25.4407043570551,
      26.567940993536805,
      27.56603195283898,
      28.502712245673873,
      29.518152120503643,
      30.85245290752465,
      32.24247245122134,
      33.82830279701065
    ],
    "ms-ssim": [
      0.9338122010231018,
      0.957023541132609,
      0.9717467377583185,
      0.9807667558391889,
      0.9866284057497978,
      0.9911599184075991,
      0.9941219339768091,
      0.9961015358567238
    ],
    "bpp": [
      0.10171508789062501,
      0.16160074869791669,
      0.24189588758680555,
      0.3423021104600695,
      0.46380954318576384,
      0.6381361219618055,
      0.8619452582465278,
      1.1587117513020833
    ],
    "encoding_time": [
      0.7117984990278879,
      0.7101448575655619,
      0.7213848133881887,
      0.7246899803479513,
      1.4626905123392742,
      1.486382285753886,
      1.4421841601530712,
      1.4581729273001354
    ],
    "decoding_time": [
      0.9191186527411143,
      0.9332682887713114,
      0.9198786516984304,
      0.937957098086675,
      1.7107570469379425,
      1.69522691766421,
      1.6890355944633484,
      1.70411683122317
    ]
  }
}