{
  "name": "mbt2018",
  "description": "Inference (ans)",
  "results": {
    "psnr-rgb": [
      28.08847023321361,
      29.64549843593544,
      31.362275162681673,
      33.0859466233318,
      35.093758380265,
      36.98882029536827,
      38.93350092275383,
      40.63906745832768
    ],
    "ms-ssim-rgb": [
      0.9206957692901293,
      0.9432235956192017,
      0.9627573788166046,
      0.9752262383699417,
      0.9835617442925771,
      0.989238736530145,
      0.9928618768850962,
      0.9953108578920364
    ],
    "bpp": [
      0.1105312771267361,
      0.18697102864583334,
      0.28769599066840285,
      0.4323391384548611,
      0.6387668185763888,
      0.8853047688802084,
      1.2003648546006944,
      1.5873446994357636
    ],
    "encoding_time": [
      2.846319009860357,
      2.7352775931358337,
      2.812482347091039,
      2.949703802665075,
      2.67194335659345,
      2.7962279617786407,
      2.7625263929367065,
      2.7332643965880075
    ],
    "decoding_time": [
      6.023811429738998,
      6.0256339112917585,
      5.987678349018097,
      6.256093452374141,
      5.851658989985784,
      5.942328025897344,
      5.966525544722875,
      5.939527253309886
    ]
  }
}