{
  "name": "cheng2020-attn",
  "description": "Inference (ans)",
  "results": {
    "psnr": [
      28.43102333976717,
      29.765925971604506,
      31.321335416187427,
      33.36386083004006,
      34.9494309886167,
      36.621812638892735
    ],
    "ms-ssim": [
      0.9239218980073929,
      0.9453463479876518,
      0.9634692048033079,
      0.9761922930677732,
      0.9837846383452415,
      0.9891740903258324
    ],
    "bpp": [
      0.11557685004340279,
      0.17447916666666666,
      0.26903279622395837,
      0.4269612630208333,
      0.5952894422743056,
      0.8058878580729166
    ],
    "encoding_time": [
      2.8245400885740914,
      2.763528029123942,
      2.6748584608236947,
      2.6514107982317605,
      2.677800238132477,
      2.714909702539444
    ],
    "decoding_time": [
      6.062165290117264,
      6.042279680569966,
      5.923064758380254,
      5.802277038494746,
      5.792471031347911,
      5.94041433930397
    ]
  }
}