{
  "name": "cheng2020-attn",
  "description": "Inference (ans)",
  "results": {
    "psnr-rgb": [
      25.585799325999456,
      26.69123714415805,
      27.71092586526387,
      29.00747166524582,
      29.980842679237426,
      31.454137164467337
    ],
    "ms-ssim-rgb": [
      0.9367941319942474,
      0.957982562482357,
      0.9719457998871803,
      0.982416865726312,
      0.9876334990064303,
      0.9913568223516146
    ],
    "bpp": [
      0.09189520941840278,
      0.14524332682291663,
      0.2149895562065972,
      0.31959025065104163,
      0.42984008789062517,
      0.5958116319444445
    ],
    "encoding_time": [
      2.7523942788441977,
      2.7420588235060372,
      2.734489510456721,
      2.786958932876587,
      2.782528887192408,
      2.7422209978103638
    ],
    "decoding_time": [
      6.126144508520762,
      6.062427898248036,
      5.96844744682312,
      6.069255491097768,
      6.081664393345515,
      5.960655132929484
    ]
  }
}