{
  "name": "bmshj2018-factorized",
  "description": "Inference (ans)",
  "results": {
    "psnr-rgb": [
      25.299112723558128,
      26.30131491913002,
      27.215390749560953,
      28.165559300512367,
      29.053932990539064,
      30.330468893395544,
      31.433762637582475,
      32.776907197933824
    ],
    "ms-ssim-rgb": [
      0.9296295071641604,
      0.9503234972556432,
      0.9650793597102165,
      0.9769629711906115,
      0.9845390195647875,
      0.9894741351405779,
      0.9927666584650675,
      0.9951493019858996
    ],
    "bpp": [
      0.11629231770833333,
      0.17276679144965276,
      0.25218709309895837,
      0.3593105740017361,
      0.4981180826822917,
      0.6686842176649307,
      0.8867797851562499,
      1.1780836317274306
    ],
    "encoding_time": [
      0.029149731000264485,
      0.02765969435373942,
      0.02434494098027547,
      0.02473852038383484,
      0.0458715558052063,
      0.0458300511042277,
      0.04764453570048014,
      0.05313250422477722
    ],
    "decoding_time": [
      0.015422165393829346,
      0.016197621822357178,
      0.01578076680501302,
      0.01636160413424174,
      0.020580202341079712,
      0.029399007558822632,
      0.03410882751146952,
      0.03545096516609192
    ]
  }
}