{
  "name": "bmshj2018-hyperprior",
  "description": "Inference (ans)",
  "results": {
    "psnr": [
      27.58153679333392,
      29.19669412138477,
      30.972168705499175,
      32.838191117040694,
      34.5262427611008,
      36.74336461762285,
      38.58385584443213,
      40.55687370015212
    ],
    "ms-ssim": [
      0.9173671156167984,
      0.9420618464549383,
      0.9610564212004343,
      0.9748740047216415,
      0.9835608204205831,
      0.9892508039871851,
      0.9928662578264872,
      0.9954901412129402
    ],
    "bpp": [
      0.13129340277777776,
      0.20889282226562503,
      0.3198581271701389,
      0.47835625542534727,
      0.6686842176649304,
      0.9388258192274304,
      1.2591722276475694,
      1.6602240668402775
    ],
    "encoding_time": [
      0.6970945994059244,
      0.6808836857477824,
      0.6931926111380259,
      0.7216778596242269,
      0.7093222041924795,
      1.37651530901591,
      1.4065087238947551,
      1.3525268534819286
    ],
    "decoding_time": [
      0.9112057387828827,
      0.8845294018586477,
      0.8950103521347046,
      0.9058766464392344,
      0.9204111993312836,
      1.6285920242468517,
      1.6773906449476879,
      1.617292155822118
    ]
  }
}