{
  "name": "HM",
  "description": "HM",
  "results": {
    "psnr": [
      25.411122094660797,
      27.746434851685517,
      30.44660864866164,
      33.50494929661857,
      36.78249502818958,
      39.99489760772304,
      43.087959940262515,
      46.143205310575034
    ],
    "ms-ssim": [
      0.8456166634956995,
      0.9075450152158737,
      0.9499017596244812,
      0.974719392756621,
      0.9873057852188746,
      0.9933605243762335,
      0.9965909744302431,
      0.9984240631262461
    ],
    "bpp": [
      0.05143822564019098,
      0.12086995442708336,
      0.26666259765625006,
      0.5295282999674479,
      0.9503741794162326,
      1.559600830078125,
      2.4760615030924478,
      3.8455649481879335
    ],
    "encoding_time": [
      2.4433341026306152,
      2.637869566679001,
      2.897966335217158,
      3.2788084745407104,
      3.6908989946047464,
      4.169580012559891,
      4.862935334444046,
      5.536683430274327
    ],
    "decoding_time": [
      0.04154825210571289,
      0.04686275124549866,
      0.05234054724375407,
      0.05770604809125265,
      0.06572911143302917,
      0.07755399743715923,
      0.08950933814048767,
      0.1025676429271698
    ]
  }
}