{
  "name": "JPEG2000",
  "description": "JPEG2000. ffmpeg version 3.4.6-0ubuntu0.18.04.1",
  "results": {
    "psnr": [
      39.792000990389106,
      35.680719121855866,
      33.4899612266554,
      32.08974009483378,
      31.07457563807384,
      30.30076938092785,
      29.696116673252778,
      29.191735537599026,
      28.774226514669053,
      28.416590303662094,
      28.099224033143784,
      27.796635846897356,
      27.554469623734875,
      27.316993364478737,
      27.11825064017241,
      26.922846006615767,
      26.757424438699193,
      26.586234996125643,
      26.440382666052425
    ],
    "ms-ssim": [
      0.9915901000301043,
      0.9807158832748731,
      0.970682812233766,
      0.9609081571300825,
      0.9530079588294029,
      0.9446083009243011,
      0.9375656371315321,
      0.9304135168592135,
      0.9243723601102829,
      0.919123962521553,
      0.9140403121709824,
      0.9093747685352961,
      0.904474933942159,
      0.8996987566351891,
      0.8954376926024755,
      0.889873224000136,
      0.885848231613636,
      0.88182615985473,
      0.8782255152861277
    ],
    "bpp": [
      2.3973227606879344,
      1.198240492078993,
      0.7982796563042536,
      0.5988286336263021,
      0.47928958468967026,
      0.3986248440212674,
      0.3418426513671875,
      0.2985627916124132,
      0.2657267252604167,
      0.239408704969618,
      0.21756574842664925,
      0.19917382134331593,
      0.1844355265299479,
      0.17067379421657983,
      0.1594840155707465,
      0.14888424343532988,
      0.1407623291015625,
      0.1324556138780382,
      0.12579854329427081
    ],
    "encoding_time": [
      0.5434378385543823,
      0.5820426046848297,
      0.5026890734831492,
      0.5177317162354788,
      0.546759694814682,
      0.5714357395966848,
      0.5728797713915507,
      0.5925134420394897,
      0.6092354853947958,
      0.5587264100710551,
      0.6102037231127421,
      0.6078524192174276,
      0.5918637216091156,
      0.55833766857783,
      0.5556516846021017,
      0.45965392390886944,
      0.47256405154863995,
      0.4189012348651886,
      0.4034369985262553
    ],
    "decoding_time": [
      0.5909575919310252,
      0.5287763277689616,
      0.481862078110377,
      0.5009337862332662,
      0.4907557964324951,
      0.5182597935199738,
      0.5038745601971945,
      0.5273533463478088,
      0.5115830600261688,
      0.5051356355349222,
      0.4870799283186595,
      0.5030466417471567,
      0.5022260149319967,
      0.4549995760122935,
      0.4688078860441844,
      0.38291021188100177,
      0.3897002637386322,
      0.3485096295674642,
      0.34923096497853595
    ]
  }
}
