{
  "name": "JPEG",
  "description": "JPEG. Pillow version 7.1.2",
  "results": {
    "psnr": [
      23.779894921045457,
      26.57723034342358,
      28.042246379237767,
      29.04180914810682,
      29.78473021842612,
      30.378313496658652,
      30.903164761925012,
      31.307827225129476,
      31.70484530103775,
      32.05865273799422,
      32.39929573599792,
      32.789915599755076,
      33.234742421489976,
      33.792594320368266,
      34.39429509119509,
      35.239001425077355,
      36.32886455167303,
      37.9121247026983,
      40.556657112988766
    ],
    "ms-ssim": [
      0.8030709524949392,
      0.8898622319102287,
      0.9235836813847224,
      0.9427085692683855,
      0.9533494859933853,
      0.9606156249841055,
      0.9661434814333916,
      0.9696919098496437,
      0.9726496761043867,
      0.9752530703941981,
      0.9772666270534197,
      0.9792757481336594,
      0.9813638602693876,
      0.9837072988351186,
      0.9857503150900205,
      0.9881909117102623,
      0.9905517573157946,
      0.9929814984401067,
      0.9956368828813235
    ],
    "bpp": [
      0.22115325927734372,
      0.32661437988281244,
      0.42312622070312506,
      0.5083855523003472,
      0.5878660413953993,
      0.6601265801323783,
      0.728946261935764,
      0.786026848687066,
      0.8497187296549479,
      0.9060007731119791,
      0.9643800523546006,
      1.0372119479709203,
      1.1273964775933163,
      1.23984612358941,
      1.3688269721137154,
      1.5718070136176217,
      1.8588163587782118,
      2.350199381510416,
      3.4013400607638893
    ],
    "encoding_time": [
      0.011053820451100668,
      0.011412620544433594,
      0.011948813994725546,
      0.012769758701324463,
      0.012080689271291098,
      0.012615968783696493,
      0.012508521477381388,
      0.012809048096338907,
      0.012948095798492432,
      0.012972811857859293,
      0.013107905785242716,
      0.013525545597076416,
      0.0131509800752004,
      0.013847817977269491,
      0.014443596204121908,
      0.014870941638946533,
      0.015539675951004028,
      0.015546053647994995,
      0.015565802653630575
    ],
    "decoding_time": [
      0.005390177170435588,
      0.005993495384852092,
      0.0057717859745025635,
      0.006056308746337891,
      0.006202896436055501,
      0.006556997696558635,
      0.006341397762298584,
      0.0061561862627665205,
      0.006490647792816162,
      0.006350725889205933,
      0.006842861572901408,
      0.0067474742730458575,
      0.0061235129833221436,
      0.006982813278834025,
      0.007121413946151733,
      0.007627248764038086,
      0.0074805716673533125,
      0.007081359624862671,
      0.006741454203923543
    ]
  }
}
