{
  "name": "mbt2018-mean-vbr-mse",
  "description": "Inference (ans)",
  "results": {
    "psnr-rgb": [
      27.762981176376343,
      29.08172607421875,
      29.968583901723225,
      30.727240165074665,
      31.757442712783813,
      32.42593264579773,
      33.38088321685791,
      34.22501262029012,
      35.17923545837402,
      36.01458851496378,
      36.914987881978355,
      37.78294038772583,
      38.70142221450806,
      39.4303191502889,
      40.25320943196615,
      40.89891529083252
    ],
    "ms-ssim-rgb": [
      0.9164315611124039,
      0.9386090611418089,
      0.9500361805160841,
      0.9580156976977984,
      0.9667904997865359,
      0.9714416066805521,
      0.9769292175769806,
      0.98090510815382,
      0.984528919061025,
      0.9871082901954651,
      0.9893878375490507,
      0.9912015944719315,
      0.9927867576479912,
      0.9938513884941736,
      0.9948741768797239,
      0.9955829456448555
    ],
    "bpp": [
      0.13599310980902776,
      0.19595336914062503,
      0.2451171875,
      0.29261271158854163,
      0.3662312825520833,
      0.42023044162326384,
      0.5048319498697916,
      0.5886976453993057,
      0.6938001844618055,
      0.7955152723524305,
      0.9165988498263888,
      1.046627468532986,
      1.2027147081163194,
      1.341769748263889,
      1.5199754503038194,
      1.681128607855903
    ],
    "encoding_time": [
      0.09457553426424663,
      0.049073984225591026,
      0.048973520596822105,
      0.05166768034299215,
      0.04956052700678507,
      0.049244463443756104,
      0.050651331742604576,
      0.050953805446624756,
      0.05102837085723877,
      0.04927872618039449,
      0.052332828442255654,
      0.05194742480913798,
      0.05147437254587809,
      0.050879438718159996,
      0.0517293910185496,
      0.051834046840667725
    ],
    "decoding_time": [
      0.04757573207219442,
      0.0483685036500295,
      0.04727702339490255,
      0.04772107799847921,
      0.04951020081837972,
      0.04932844638824463,
      0.04978336890538534,
      0.04901857177416483,
      0.05047771334648132,
      0.04890625675519308,
      0.04957283536593119,
      0.0494666596253713,
      0.05124816298484802,
      0.05284803112347921,
      0.052070409059524536,
      0.051172097524007164
    ]
  }
}