{
  "name": "mbt2018-vbr-mse",
  "description": "Inference (ans)",
  "results": {
    "psnr-rgb": [
      27.62842806180318,
      28.993258635203045,
      29.898839871088665,
      30.671364545822144,
      31.7103594938914,
      32.39237507184347,
      33.353363593419395,
      34.20787000656128,
      35.17027632395426,
      36.004641691843666,
      36.89933888117472,
      37.75309228897095,
      38.64945983886719,
      39.35432815551758,
      40.14623101552328,
      40.761172453562416
    ],
    "ms-ssim-rgb": [
      0.9132880096634229,
      0.9369776596625646,
      0.9487935851017634,
      0.9571365465720495,
      0.9662032375733057,
      0.9710048114260038,
      0.9766386499007543,
      0.9806669900814692,
      0.9843779976169268,
      0.9869789232810339,
      0.9892691746354103,
      0.9910685618718466,
      0.9926512539386749,
      0.993700181444486,
      0.9947243978579839,
      0.9954106857379278
    ],
    "bpp": [
      0.13101874457465276,
      0.1893073187934028,
      0.23747762044270834,
      0.2845492892795139,
      0.35684543185763884,
      0.4098442925347223,
      0.4922349717881946,
      0.5739542643229165,
      0.6763203938802084,
      0.774627685546875,
      0.8919372558593749,
      1.0168558756510417,
      1.1666090223524306,
      1.3011474609375,
      1.4736463758680556,
      1.6295132107204864
    ],
    "encoding_time": [
      9.557975123325983,
      9.560334026813507,
      9.522918075323105,
      9.60913148522377,
      9.52739123503367,
      9.56744666894277,
      9.504554867744446,
      9.542594810326895,
      9.601752867301306,
      9.548425068457922,
      9.524101982514063,
      9.520763864119848,
      9.518931577603022,
      9.52455704410871,
      9.546866526206335,
      9.555064648389816
    ],
    "decoding_time": [
      13.427959263324738,
      13.448578943808874,
      13.417951981226603,
      13.528770903746286,
      13.412565648555756,
      13.455669860045115,
      13.384340117375055,
      13.456925521294275,
      13.515673021475473,
      13.429313997427622,
      13.411024659872055,
      13.423194825649261,
      13.412124504645666,
      13.42983290553093,
      13.461022168397903,
      13.462950905164083
    ]
  }
}