{
  "name": "VTM",
  "description": "VTM",
  "results": {
    "psnr-rgb": [
      26.14484539430146,
      28.493021754424603,
      31.199873720014093,
      34.26153257289846,
      37.419793158067485,
      40.42444421698711,
      43.505766973634486,
      46.59176008512777
    ],
    "ms-ssim-rgb": [
      0.8606081604957581,
      0.9176909327507019,
      0.9561077281832695,
      0.9780782933036486,
      0.988776795566082,
      0.9938599988818169,
      0.9969479044278463,
      0.9986564020315806
    ],
    "bpp": [
      0.04824490017361111,
      0.11249542236328125,
      0.24581654866536465,
      0.4905454847547744,
      0.8748101128472224,
      1.43084971110026,
      2.3246070014105906,
      3.6326090494791665
    ],
    "encoding_time": [
      18.935188223918278,
      39.77537341912588,
      71.23524104555447,
      102.52636993924777,
      129.21147452791533,
      170.65901721517244,
      218.33077744642893,
      256.2848743200302
    ],
    "decoding_time": [
      0.06871533393859863,
      0.08402446905771892,
      0.09837910532951355,
      0.12345783909161885,
      0.14074289798736572,
      0.1444702943166097,
      0.1755984922250112,
      0.22406441966692606
    ]
  }
}